DATE ADDED TO CATALOG	PUBMEDID	FIRST AUTHOR	DATE	JOURNAL	LINK	STUDY	DISEASE/TRAIT	INITIAL SAMPLE SIZE	REPLICATION SAMPLE SIZE	REGION	CHR_ID	CHR_POS	REPORTED GENE(S)	MAPPED_GENE	UPSTREAM_GENE_ID	DOWNSTREAM_GENE_ID	SNP_GENE_IDS	UPSTREAM_GENE_DISTANCE	DOWNSTREAM_GENE_DISTANCE	STRONGEST SNP-RISK ALLELE	SNPS	MERGED	SNP_ID_CURRENT	CONTEXT	INTERGENIC	RISK ALLELE FREQUENCY	P-VALUE	PVALUE_MLOG	P-VALUE (TEXT)	OR or BETA	95% CI (TEXT)	PLATFORM [SNPS PASSING QC]	CNV	MAPPED_TRAIT	MAPPED_TRAIT_URI	STUDY ACCESSION	GENOTYPING TECHNOLOGY
2017-05-11	27182965	Pickrell JK	2016-05-16	Nat Genet	www.ncbi.nlm.nih.gov/pubmed/27182965	Detection and interpretation of shared genetic influences on 42 human traits.	Male-pattern baldness	9,009 European ancestry cases, 8,491 European ancestry controls	NA	Xq12	X	67081073	EDA2R, AR	RNU6-394P - AR	ENSG00000222667	ENSG00000169083		404709	462280	rs200644307-?	rs200644307	0	200644307	intergenic_variant	1	NR	1E-247	247.0		2.277	[2.160-2.400]	Illumina [13436641] (imputed)	N	androgenetic alopecia	http://purl.obolibrary.org/obo/MONDO_0005339	GCST003983	Genome-wide genotyping array
2017-05-11	27182965	Pickrell JK	2016-05-16	Nat Genet	www.ncbi.nlm.nih.gov/pubmed/27182965	Detection and interpretation of shared genetic influences on 42 human traits.	Male-pattern baldness	9,009 European ancestry cases, 8,491 European ancestry controls	NA	20p11.22	20	22019643	FOXA2, PAX1	RPL41P1 - LINC01432	ENSG00000227063	ENSG00000234435		264293	34418	rs201563-?	rs201563	0	201563	intergenic_variant	1	NR	3E-81	80.52287874528034		1.547	[1.479-1.619]	Illumina [13436641] (imputed)	N	androgenetic alopecia	http://purl.obolibrary.org/obo/MONDO_0005339	GCST003983	Genome-wide genotyping array
2017-05-11	27182965	Pickrell JK	2016-05-16	Nat Genet	www.ncbi.nlm.nih.gov/pubmed/27182965	Detection and interpretation of shared genetic influences on 42 human traits.	Male-pattern baldness	9,009 European ancestry cases, 8,491 European ancestry controls	NA	2q37.3	2	238787252	ASB1, TWIST2	LINC01937 - TWIST2	ENSG00000234279	ENSG00000233608		45490	60780	rs11684254-?	rs11684254	0	11684254	regulatory_region_variant	1	NR	2E-37	36.69897000433602		1.35	[1.289-1.414]	Illumina [13436641] (imputed)	N	androgenetic alopecia	http://purl.obolibrary.org/obo/MONDO_0005339	GCST003983	Genome-wide genotyping array
2017-05-11	27182965	Pickrell JK	2016-05-16	Nat Genet	www.ncbi.nlm.nih.gov/pubmed/27182965	Detection and interpretation of shared genetic influences on 42 human traits.	Male-pattern baldness	9,009 European ancestry cases, 8,491 European ancestry controls	NA	7p21.1	7	18857888	HDAC9	HDAC9			ENSG00000048052			rs7801037-?	rs7801037	0	7801037	intron_variant	0	NR	1E-36	36.0		1.3333333	[1.27-1.39]	Illumina [13436641] (imputed)	N	androgenetic alopecia	http://purl.obolibrary.org/obo/MONDO_0005339	GCST003983	Genome-wide genotyping array
2017-05-11	27182965	Pickrell JK	2016-05-16	Nat Genet	www.ncbi.nlm.nih.gov/pubmed/27182965	Detection and interpretation of shared genetic influences on 42 human traits.	Male-pattern baldness	9,009 European ancestry cases, 8,491 European ancestry controls	NA	1p36.22	1	10973265	C1orf127	CIROZ			ENSG00000175262			rs2095921-?	rs2095921	0	2095921	intron_variant	0	NR	3E-27	26.522878745280337		1.344086	[1.27-1.42]	Illumina [13436641] (imputed)	N	androgenetic alopecia	http://purl.obolibrary.org/obo/MONDO_0005339	GCST003983	Genome-wide genotyping array
2017-05-11	27182965	Pickrell JK	2016-05-16	Nat Genet	www.ncbi.nlm.nih.gov/pubmed/27182965	Detection and interpretation of shared genetic influences on 42 human traits.	Male-pattern baldness	9,009 European ancestry cases, 8,491 European ancestry controls	NA	7q11.22	7	69130240	AUTS2	RNU6-832P - MTCO2P25	ENSG00000200189	ENSG00000230654		4864	200458	rs34991987-?	rs34991987	0	34991987	intergenic_variant	1	NR	2E-26	25.69897000433602		1.269	[1.214-1.326]	Illumina [13436641] (imputed)	N	androgenetic alopecia	http://purl.obolibrary.org/obo/MONDO_0005339	GCST003983	Genome-wide genotyping array
2017-05-11	27182965	Pickrell JK	2016-05-16	Nat Genet	www.ncbi.nlm.nih.gov/pubmed/27182965	Detection and interpretation of shared genetic influences on 42 human traits.	Male-pattern baldness	9,009 European ancestry cases, 8,491 European ancestry controls	NA	5q33.3	5	158940241	EBF1	EBF1			ENSG00000164330			rs62385385-?	rs62385385	0	62385385	intron_variant	0	NR	7E-22	21.154901959985743		1.247	[1.192-1.304]	Illumina [13436641] (imputed)	N	androgenetic alopecia	http://purl.obolibrary.org/obo/MONDO_0005339	GCST003983	Genome-wide genotyping array
2017-05-11	27182965	Pickrell JK	2016-05-16	Nat Genet	www.ncbi.nlm.nih.gov/pubmed/27182965	Detection and interpretation of shared genetic influences on 42 human traits.	Male-pattern baldness	9,009 European ancestry cases, 8,491 European ancestry controls	NA	Xp11.21	X	57975900	ZXDA	MYCLP2 - KRT8P17	ENSG00000228004	ENSG00000235124		41097	8786	rs111763724-?	rs111763724	0	111763724	intergenic_variant	1	NR	6E-20	19.221848749616356		1.6750418	[1.49-1.88]	Illumina [13436641] (imputed)	N	androgenetic alopecia	http://purl.obolibrary.org/obo/MONDO_0005339	GCST003983	Genome-wide genotyping array
2017-05-11	27182965	Pickrell JK	2016-05-16	Nat Genet	www.ncbi.nlm.nih.gov/pubmed/27182965	Detection and interpretation of shared genetic influences on 42 human traits.	Male-pattern baldness	9,009 European ancestry cases, 8,491 European ancestry controls	NA	17q21.31	17	46088713	KANSL1	KANSL1			ENSG00000120071			rs201408539-?	rs201408539	0	201408539	intron_variant	0	NR	8E-20	19.096910013008056		1.338	[1.257-1.425]	Illumina [13436641] (imputed)	N	androgenetic alopecia	http://purl.obolibrary.org/obo/MONDO_0005339	GCST003983	Genome-wide genotyping array
2017-05-11	27182965	Pickrell JK	2016-05-16	Nat Genet	www.ncbi.nlm.nih.gov/pubmed/27182965	Detection and interpretation of shared genetic influences on 42 human traits.	Male-pattern baldness	9,009 European ancestry cases, 8,491 European ancestry controls	NA	3q25.1	3	151937074	SUCNR1, MBNL1	AADACL2-AS1 - LINC02917	ENSG00000242908	ENSG00000239941		8896	103749	rs4679956-?	rs4679956	0	4679956	intron_variant	1	NR	5E-19	18.30102999566398		1.223	[1.170-1.279]	Illumina [13436641] (imputed)	N	androgenetic alopecia	http://purl.obolibrary.org/obo/MONDO_0005339	GCST003983	Genome-wide genotyping array
2017-05-11	27182965	Pickrell JK	2016-05-16	Nat Genet	www.ncbi.nlm.nih.gov/pubmed/27182965	Detection and interpretation of shared genetic influences on 42 human traits.	Male-pattern baldness	9,009 European ancestry cases, 8,491 European ancestry controls	NA	Xp11.21	X	55923583	RRAGB, KLF8	RRAGB - GOT2P6	ENSG00000083750	ENSG00000214745		164809	37625	rs143149578-?	rs143149578	0	143149578	intron_variant	1	NR	6E-18	17.221848749616356		1.7123288	[1.51-1.95]	Illumina [13436641] (imputed)	N	androgenetic alopecia	http://purl.obolibrary.org/obo/MONDO_0005339	GCST003983	Genome-wide genotyping array
2017-05-11	27182965	Pickrell JK	2016-05-16	Nat Genet	www.ncbi.nlm.nih.gov/pubmed/27182965	Detection and interpretation of shared genetic influences on 42 human traits.	Male-pattern baldness	9,009 European ancestry cases, 8,491 European ancestry controls	NA	2q35	2	218881570	WNT10A	WNT10A			ENSG00000135925			rs74333950-?	rs74333950	0	74333950	intron_variant	0	NR	2E-16	15.698970004336019		1.3089005	[1.23-1.40]	Illumina [13436641] (imputed)	N	androgenetic alopecia	http://purl.obolibrary.org/obo/MONDO_0005339	GCST003983	Genome-wide genotyping array
2017-05-11	27182965	Pickrell JK	2016-05-16	Nat Genet	www.ncbi.nlm.nih.gov/pubmed/27182965	Detection and interpretation of shared genetic influences on 42 human traits.	Male-pattern baldness	9,009 European ancestry cases, 8,491 European ancestry controls	NA	2p23.1	2	31580756	SRD5A2	SRD5A2			ENSG00000277893			rs9282858-?	rs9282858	0	9282858	missense_variant	0	NR	2E-15	14.698970004336019		1.6638935	[1.47-1.89]	Illumina [13436641] (imputed)	N	androgenetic alopecia	http://purl.obolibrary.org/obo/MONDO_0005339	GCST003983	Genome-wide genotyping array
2017-05-11	27182965	Pickrell JK	2016-05-16	Nat Genet	www.ncbi.nlm.nih.gov/pubmed/27182965	Detection and interpretation of shared genetic influences on 42 human traits.	Male-pattern baldness	9,009 European ancestry cases, 8,491 European ancestry controls	NA	18q12.3	18	45228094	SLC14A2	SLC14A2			ENSG00000132874			rs34800162-?	rs34800162	0	34800162	intron_variant	0	NR	8E-15	14.096910013008056		1.217	[1.158-1.278]	Illumina [13436641] (imputed)	N	androgenetic alopecia	http://purl.obolibrary.org/obo/MONDO_0005339	GCST003983	Genome-wide genotyping array
2017-05-11	27182965	Pickrell JK	2016-05-16	Nat Genet	www.ncbi.nlm.nih.gov/pubmed/27182965	Detection and interpretation of shared genetic influences on 42 human traits.	Male-pattern baldness	9,009 European ancestry cases, 8,491 European ancestry controls	NA	1p12	1	118339066	SPAG17, TBX15	RNA5SP56 - PSMC1P12	ENSG00000222209	ENSG00000226126		74577	275267	rs12083887-?	rs12083887	0	12083887	intergenic_variant	1	NR	9E-14	13.045757490560675		1.1862396	[1.13-1.24]	Illumina [13436641] (imputed)	N	androgenetic alopecia	http://purl.obolibrary.org/obo/MONDO_0005339	GCST003983	Genome-wide genotyping array
2017-05-11	27182965	Pickrell JK	2016-05-16	Nat Genet	www.ncbi.nlm.nih.gov/pubmed/27182965	Detection and interpretation of shared genetic influences on 42 human traits.	Male-pattern baldness	9,009 European ancestry cases, 8,491 European ancestry controls	NA	6p24.3	6	9327323	SLC35B3, OFCC1	HULC - OFCC1	ENSG00000285219	ENSG00000181355		33190	268974	rs9357047-?	rs9357047	0	9357047	intergenic_variant	1	NR	3E-13	12.522878745280337		1.1806375	[1.13-1.23]	Illumina [13436641] (imputed)	N	androgenetic alopecia	http://purl.obolibrary.org/obo/MONDO_0005339	GCST003983	Genome-wide genotyping array
2017-05-11	27182965	Pickrell JK	2016-05-16	Nat Genet	www.ncbi.nlm.nih.gov/pubmed/27182965	Detection and interpretation of shared genetic influences on 42 human traits.	Male-pattern baldness	9,009 European ancestry cases, 8,491 European ancestry controls	NA	8q23.1	8	108585572	EMC2, TMEM74	EMC2 - TMEM74	ENSG00000104412	ENSG00000164841		96376	21278	rs79437808-?	rs79437808	0	79437808	intron_variant	1	NR	4E-13	12.397940008672037		2.153	[1.738-2.668]	Illumina [13436641] (imputed)	N	androgenetic alopecia	http://purl.obolibrary.org/obo/MONDO_0005339	GCST003983	Genome-wide genotyping array
2017-05-11	27182965	Pickrell JK	2016-05-16	Nat Genet	www.ncbi.nlm.nih.gov/pubmed/27182965	Detection and interpretation of shared genetic influences on 42 human traits.	Male-pattern baldness	9,009 European ancestry cases, 8,491 European ancestry controls	NA	Xp11.21	X	55107412	PAGE2B, FAM104B	PAGE2 - VCF2	ENSG00000234068	ENSG00000182518		14570	35690	rs185597083-?	rs185597083	0	185597083	intergenic_variant	1	NR	8E-13	12.096910013008056		1.388	[1.267-1.520]	Illumina [13436641] (imputed)	N	androgenetic alopecia	http://purl.obolibrary.org/obo/MONDO_0005339	GCST003983	Genome-wide genotyping array
2017-05-11	27182965	Pickrell JK	2016-05-16	Nat Genet	www.ncbi.nlm.nih.gov/pubmed/27182965	Detection and interpretation of shared genetic influences on 42 human traits.	Male-pattern baldness	9,009 European ancestry cases, 8,491 European ancestry controls	NA	10q26.13	10	124655362	FAM53B	FAM53B			ENSG00000189319			rs3781458-?	rs3781458	0	3781458	intron_variant	0	NR	1E-12	12.0		1.1778563	[1.12-1.23]	Illumina [13436641] (imputed)	N	androgenetic alopecia	http://purl.obolibrary.org/obo/MONDO_0005339	GCST003983	Genome-wide genotyping array
2017-05-11	27182965	Pickrell JK	2016-05-16	Nat Genet	www.ncbi.nlm.nih.gov/pubmed/27182965	Detection and interpretation of shared genetic influences on 42 human traits.	Male-pattern baldness	9,009 European ancestry cases, 8,491 European ancestry controls	NA	17q22	17	57153807	AKAP1, MSI2	AKAP1 - MSI2	ENSG00000121057	ENSG00000153944		32458	102044	rs62060349-?	rs62060349	0	62060349	intron_variant	1	NR	2E-12	11.698970004336019		1.172333	[1.12-1.23]	Illumina [13436641] (imputed)	N	androgenetic alopecia	http://purl.obolibrary.org/obo/MONDO_0005339	GCST003983	Genome-wide genotyping array
2017-05-11	27182965	Pickrell JK	2016-05-16	Nat Genet	www.ncbi.nlm.nih.gov/pubmed/27182965	Detection and interpretation of shared genetic influences on 42 human traits.	Male-pattern baldness	9,009 European ancestry cases, 8,491 European ancestry controls	NA	10q22.3	10	76436854	C10orf11	LRMDA			ENSG00000148655			rs11593840-?	rs11593840	0	11593840	intron_variant	0	NR	2E-12	11.698970004336019		1.1737089	[1.12-1.23]	Illumina [13436641] (imputed)	N	androgenetic alopecia	http://purl.obolibrary.org/obo/MONDO_0005339	GCST003983	Genome-wide genotyping array
2017-05-11	27182965	Pickrell JK	2016-05-16	Nat Genet	www.ncbi.nlm.nih.gov/pubmed/27182965	Detection and interpretation of shared genetic influences on 42 human traits.	Male-pattern baldness	9,009 European ancestry cases, 8,491 European ancestry controls	NA	12p12.1	12	26273738	SSPN, ITPR2	SSPN-AS1, SSPN			ENSG00000256234, ENSG00000123096			rs9300169-?	rs9300169	0	9300169	non_coding_transcript_exon_variant	0	NR	4E-12	11.397940008672037		1.1918951	[1.13-1.25]	Illumina [13436641] (imputed)	N	androgenetic alopecia	http://purl.obolibrary.org/obo/MONDO_0005339	GCST003983	Genome-wide genotyping array
2017-05-11	27182965	Pickrell JK	2016-05-16	Nat Genet	www.ncbi.nlm.nih.gov/pubmed/27182965	Detection and interpretation of shared genetic influences on 42 human traits.	Male-pattern baldness	9,009 European ancestry cases, 8,491 European ancestry controls	NA	2p14	2	67851717	ETAA1, C1D	LINC01812 - FBXL12P1	ENSG00000237013	ENSG00000235968		26059	171977	rs6546334-?	rs6546334	0	6546334	intergenic_variant	1	NR	6E-12	11.221848749616356		1.1750882	[1.12-1.23]	Illumina [13436641] (imputed)	N	androgenetic alopecia	http://purl.obolibrary.org/obo/MONDO_0005339	GCST003983	Genome-wide genotyping array
2017-05-11	27182965	Pickrell JK	2016-05-16	Nat Genet	www.ncbi.nlm.nih.gov/pubmed/27182965	Detection and interpretation of shared genetic influences on 42 human traits.	Male-pattern baldness	9,009 European ancestry cases, 8,491 European ancestry controls	NA	6p25.3	6	396321	IRF4	IRF4			ENSG00000137265			rs12203592-?	rs12203592	0	12203592	intron_variant	0	NR	4E-11	10.397940008672037		1.22	[1.150-1.294]	Illumina [13436641] (imputed)	N	androgenetic alopecia	http://purl.obolibrary.org/obo/MONDO_0005339	GCST003983	Genome-wide genotyping array
2017-05-11	27182965	Pickrell JK	2016-05-16	Nat Genet	www.ncbi.nlm.nih.gov/pubmed/27182965	Detection and interpretation of shared genetic influences on 42 human traits.	Male-pattern baldness	9,009 European ancestry cases, 8,491 European ancestry controls	NA	21q22.12	21	34835870	RUNX1	RUNX1			ENSG00000159216			rs68088846-?	rs68088846	0	68088846	intron_variant	0	NR	4E-11	10.397940008672037		1.2077295	[1.14-1.28]	Illumina [13436641] (imputed)	N	androgenetic alopecia	http://purl.obolibrary.org/obo/MONDO_0005339	GCST003983	Genome-wide genotyping array
2017-05-11	27182965	Pickrell JK	2016-05-16	Nat Genet	www.ncbi.nlm.nih.gov/pubmed/27182965	Detection and interpretation of shared genetic influences on 42 human traits.	Male-pattern baldness	9,009 European ancestry cases, 8,491 European ancestry controls	NA	1p36.11	1	25171684	RUNX3, SYF2	IFITM3P7 - SYF2	ENSG00000233419	ENSG00000117614		46230	50592	rs7534070-?	rs7534070	0	7534070	intron_variant	1	NR	5E-11	10.301029995663981		1.201923	[1.14-1.27]	Illumina [13436641] (imputed)	N	androgenetic alopecia	http://purl.obolibrary.org/obo/MONDO_0005339	GCST003983	Genome-wide genotyping array
2017-05-11	27182965	Pickrell JK	2016-05-16	Nat Genet	www.ncbi.nlm.nih.gov/pubmed/27182965	Detection and interpretation of shared genetic influences on 42 human traits.	Male-pattern baldness	9,009 European ancestry cases, 8,491 European ancestry controls	NA	6q22.32	6	126733443	CENPW, RSPO3	RPS4XP9 - RSPO3	ENSG00000217404	ENSG00000146374		49596	385220	rs1262557-?	rs1262557	0	1262557	intron_variant	1	NR	5E-10	9.301029995663981		1.15	[1.100-1.202]	Illumina [13436641] (imputed)	N	androgenetic alopecia	http://purl.obolibrary.org/obo/MONDO_0005339	GCST003983	Genome-wide genotyping array
2017-05-11	27182965	Pickrell JK	2016-05-16	Nat Genet	www.ncbi.nlm.nih.gov/pubmed/27182965	Detection and interpretation of shared genetic influences on 42 human traits.	Male-pattern baldness	9,009 European ancestry cases, 8,491 European ancestry controls	NA	11p11.2	11	44389312	ALX4, CD82	ALX4 - RPL7AP79	ENSG00000052850	ENSG00000255106		79173	150466	rs11037975-?	rs11037975	0	11037975	intron_variant	1	NR	6E-10	9.221848749616356		1.1709602	[1.11-1.23]	Illumina [13436641] (imputed)	N	androgenetic alopecia	http://purl.obolibrary.org/obo/MONDO_0005339	GCST003983	Genome-wide genotyping array
2017-05-11	27182965	Pickrell JK	2016-05-16	Nat Genet	www.ncbi.nlm.nih.gov/pubmed/27182965	Detection and interpretation of shared genetic influences on 42 human traits.	Male-pattern baldness	9,009 European ancestry cases, 8,491 European ancestry controls	NA	4q25	4	106961892	DKK2	DKK2			ENSG00000155011			rs78311490-?	rs78311490	0	78311490	intron_variant	0	NR	7E-10	9.154901959985743		1.3210039	[1.21-1.45]	Illumina [13436641] (imputed)	N	androgenetic alopecia	http://purl.obolibrary.org/obo/MONDO_0005339	GCST003983	Genome-wide genotyping array
2017-05-11	27182965	Pickrell JK	2016-05-16	Nat Genet	www.ncbi.nlm.nih.gov/pubmed/27182965	Detection and interpretation of shared genetic influences on 42 human traits.	Male-pattern baldness	9,009 European ancestry cases, 8,491 European ancestry controls	NA	1q24.2	1	170372381	METTL11B, GORAB	HAUS4P1 - GORAB-AS1	ENSG00000226967	ENSG00000231407		2014	88071	rs78003935-?	rs78003935	0	78003935	intergenic_variant	1	NR	1E-9	9.0		1.1614403	[1.11-1.22]	Illumina [13436641] (imputed)	N	androgenetic alopecia	http://purl.obolibrary.org/obo/MONDO_0005339	GCST003983	Genome-wide genotyping array
2017-05-11	27182965	Pickrell JK	2016-05-16	Nat Genet	www.ncbi.nlm.nih.gov/pubmed/27182965	Detection and interpretation of shared genetic influences on 42 human traits.	Male-pattern baldness	9,009 European ancestry cases, 8,491 European ancestry controls	NA	15q23	15	69749354	RPLP1, TLE3	DRAIC			ENSG00000245750			rs7177657-?	rs7177657	0	7177657	intron_variant	0	NR	1E-9	9.0		1.2610341	[1.17-1.36]	Illumina [13436641] (imputed)	N	androgenetic alopecia	http://purl.obolibrary.org/obo/MONDO_0005339	GCST003983	Genome-wide genotyping array
2017-05-11	27182965	Pickrell JK	2016-05-16	Nat Genet	www.ncbi.nlm.nih.gov/pubmed/27182965	Detection and interpretation of shared genetic influences on 42 human traits.	Male-pattern baldness	9,009 European ancestry cases, 8,491 European ancestry controls	NA	13q12.3	13	30172832	UBL3, KATNAL1	LINC00385 - KATNAL1	ENSG00000232643	ENSG00000102781		12240	29798	rs9314998-?	rs9314998	0	9314998	intergenic_variant	1	NR	2E-9	8.698970004336019		1.146	[1.097-1.198]	Illumina [13436641] (imputed)	N	androgenetic alopecia	http://purl.obolibrary.org/obo/MONDO_0005339	GCST003983	Genome-wide genotyping array
2017-05-11	27182965	Pickrell JK	2016-05-16	Nat Genet	www.ncbi.nlm.nih.gov/pubmed/27182965	Detection and interpretation of shared genetic influences on 42 human traits.	Male-pattern baldness	9,009 European ancestry cases, 8,491 European ancestry controls	NA	12q13.12	12	50751299	DIP2B, ATF1	DIP2B - ATF1	ENSG00000066084	ENSG00000123268		2642	12411	rs7974517-?	rs7974517	0	7974517	intron_variant	1	NR	2E-9	8.698970004336019		1.1520737	[1.10-1.21]	Illumina [13436641] (imputed)	N	androgenetic alopecia	http://purl.obolibrary.org/obo/MONDO_0005339	GCST003983	Genome-wide genotyping array
2017-05-11	27182965	Pickrell JK	2016-05-16	Nat Genet	www.ncbi.nlm.nih.gov/pubmed/27182965	Detection and interpretation of shared genetic influences on 42 human traits.	Male-pattern baldness	9,009 European ancestry cases, 8,491 European ancestry controls	NA	6p21.1	6	44699178	CDC5L, SUPT3H	CDC5L - SUPT3H	ENSG00000096401	ENSG00000196284		248753	110139	rs227808-?	rs227808	0	227808	regulatory_region_variant	1	NR	3E-9	8.522878745280337		1.1820331	[1.12-1.25]	Illumina [13436641] (imputed)	N	androgenetic alopecia	http://purl.obolibrary.org/obo/MONDO_0005339	GCST003983	Genome-wide genotyping array
2017-05-11	27182965	Pickrell JK	2016-05-16	Nat Genet	www.ncbi.nlm.nih.gov/pubmed/27182965	Detection and interpretation of shared genetic influences on 42 human traits.	Male-pattern baldness	9,009 European ancestry cases, 8,491 European ancestry controls	NA	3q23	3	139313491	PRR23C, MRPS22	MRPS22			ENSG00000175110			rs7642536-?	rs7642536	0	7642536	intron_variant	0	NR	3E-9	8.522878745280337		1.2391574	[1.15-1.33]	Illumina [13436641] (imputed)	N	androgenetic alopecia	http://purl.obolibrary.org/obo/MONDO_0005339	GCST003983	Genome-wide genotyping array
2017-05-11	27182965	Pickrell JK	2016-05-16	Nat Genet	www.ncbi.nlm.nih.gov/pubmed/27182965	Detection and interpretation of shared genetic influences on 42 human traits.	Male-pattern baldness	9,009 European ancestry cases, 8,491 European ancestry controls	NA	7p12.3	7	46904161	IGFBP3, TNS3	EPS15P1 - MRPL42P4	ENSG00000242948	ENSG00000242552		121026	121967	rs12702271-?	rs12702271	0	12702271	intron_variant	1	NR	3E-9	8.522878745280337		1.171	[1.111-1.233]	Illumina [13436641] (imputed)	N	androgenetic alopecia	http://purl.obolibrary.org/obo/MONDO_0005339	GCST003983	Genome-wide genotyping array
2017-05-11	27182965	Pickrell JK	2016-05-16	Nat Genet	www.ncbi.nlm.nih.gov/pubmed/27182965	Detection and interpretation of shared genetic influences on 42 human traits.	Male-pattern baldness	9,009 European ancestry cases, 8,491 European ancestry controls	NA	4q21.21	4	80285223	FGF5	FGF5			ENSG00000138675			rs4690116-?	rs4690116	0	4690116	intron_variant	0	NR	6E-9	8.221848749616356		1.1415524	[1.09-1.19]	Illumina [13436641] (imputed)	N	androgenetic alopecia	http://purl.obolibrary.org/obo/MONDO_0005339	GCST003983	Genome-wide genotyping array
2017-05-11	27182965	Pickrell JK	2016-05-16	Nat Genet	www.ncbi.nlm.nih.gov/pubmed/27182965	Detection and interpretation of shared genetic influences on 42 human traits.	Male-pattern baldness	9,009 European ancestry cases, 8,491 European ancestry controls	NA	16p13.12	16	14298066	MKL2, PARN	Y_RNA - MIR193BHG	ENSG00000200544	ENSG00000262454		22466	3003	rs246180-?	rs246180	0	246180	intergenic_variant	1	NR	8E-9	8.096910013008056		1.152	[1.098-1.209]	Illumina [13436641] (imputed)	N	androgenetic alopecia	http://purl.obolibrary.org/obo/MONDO_0005339	GCST003983	Genome-wide genotyping array
2017-05-11	27182965	Pickrell JK	2016-05-16	Nat Genet	www.ncbi.nlm.nih.gov/pubmed/27182965	Detection and interpretation of shared genetic influences on 42 human traits.	Male-pattern baldness	9,009 European ancestry cases, 8,491 European ancestry controls	NA	2q13	2	108897145	EDAR	EDAR			ENSG00000135960			rs3827760-?	rs3827760	0	3827760	missense_variant	0	NR	1E-8	8.0		2.2371366	[1.68-2.99]	Illumina [13436641] (imputed)	N	androgenetic alopecia	http://purl.obolibrary.org/obo/MONDO_0005339	GCST003983	Genome-wide genotyping array
2017-05-11	27182965	Pickrell JK	2016-05-16	Nat Genet	www.ncbi.nlm.nih.gov/pubmed/27182965	Detection and interpretation of shared genetic influences on 42 human traits.	Male-pattern baldness	9,009 European ancestry cases, 8,491 European ancestry controls	NA	2p21	2	43363760	THADA	THADA			ENSG00000115970			rs11694173-?	rs11694173	0	11694173	intron_variant	0	NR	2E-8	7.698970004336019		1.1737089	[1.11-1.24]	Illumina [13436641] (imputed)	N	androgenetic alopecia	http://purl.obolibrary.org/obo/MONDO_0005339	GCST003983	Genome-wide genotyping array
2017-05-11	27182965	Pickrell JK	2016-05-16	Nat Genet	www.ncbi.nlm.nih.gov/pubmed/27182965	Detection and interpretation of shared genetic influences on 42 human traits.	Male-pattern baldness	9,009 European ancestry cases, 8,491 European ancestry controls	NA	12q24.33	12	130078818	TMEM132D, FZD10	LINC02419 - FZD10-AS1	ENSG00000256906	ENSG00000250208		6129	65497	rs76972608-?	rs76972608	0	76972608	intergenic_variant	1	NR	4E-8	7.3979400086720375		1.1990408	[1.12-1.28]	Illumina [13436641] (imputed)	N	androgenetic alopecia	http://purl.obolibrary.org/obo/MONDO_0005339	GCST003983	Genome-wide genotyping array
2017-05-11	27182965	Pickrell JK	2016-05-16	Nat Genet	www.ncbi.nlm.nih.gov/pubmed/27182965	Detection and interpretation of shared genetic influences on 42 human traits.	Male-pattern baldness	9,009 European ancestry cases, 8,491 European ancestry controls	NA	2q31.1	2	176833154	MTX2, HNRNPA3	LINC01117			ENSG00000224577			rs1819008-?	rs1819008	0	1819008	intron_variant	0	NR	4E-8	7.3979400086720375		1.1312217	[1.08-1.18]	Illumina [13436641] (imputed)	N	androgenetic alopecia	http://purl.obolibrary.org/obo/MONDO_0005339	GCST003983	Genome-wide genotyping array
2017-05-11	27182965	Pickrell JK	2016-05-16	Nat Genet	www.ncbi.nlm.nih.gov/pubmed/27182965	Detection and interpretation of shared genetic influences on 42 human traits.	Male-pattern baldness	9,009 European ancestry cases, 8,491 European ancestry controls	NA	Xp22.31	X	8912639	FAM9A, FAM9B	LINC03114			ENSG00000285896			rs5933688-?	rs5933688	0	5933688	intron_variant	0	NR	4E-8	7.3979400086720375		1.102	[1.065-1.141]	Illumina [13436641] (imputed)	N	androgenetic alopecia	http://purl.obolibrary.org/obo/MONDO_0005339	GCST003983	Genome-wide genotyping array
2017-05-11	27182965	Pickrell JK	2016-05-16	Nat Genet	www.ncbi.nlm.nih.gov/pubmed/27182965	Detection and interpretation of shared genetic influences on 42 human traits.	Male-pattern baldness	9,009 European ancestry cases, 8,491 European ancestry controls	NA	2q31.1	2	173740905	CDCA7, SP3	PPIAP66 - RPL5P7	ENSG00000226131	ENSG00000234415		254543	130748	rs13405699-?	rs13405699	0	13405699	intron_variant	1	NR	5E-8	7.301029995663981		1.4880953	[1.29-1.72]	Illumina [13436641] (imputed)	N	androgenetic alopecia	http://purl.obolibrary.org/obo/MONDO_0005339	GCST003983	Genome-wide genotyping array
2021-12-01	34737426	Jiang L	2021-11-04	Nat Genet	www.ncbi.nlm.nih.gov/pubmed/34737426	A generalized linear mixed model association tool for biobank-scale data.	Hair/balding pattern: Pattern 1 (UKB data field 2395_1)	66,172 European ancestry cases, 140,864 European ancestry controls	NA	2q13	2	108897145		EDAR			ENSG00000135960			rs3827760-G	rs3827760	0	3827760	missense_variant	0	0.003677	1E-14	14.0		0.41	[0.31-0.51] unit increase	NR [11842647] (imputed)	N	androgenetic alopecia	http://purl.obolibrary.org/obo/MONDO_0005339	GCST90043616	Genome-wide genotyping array
2021-12-01	34737426	Jiang L	2021-11-04	Nat Genet	www.ncbi.nlm.nih.gov/pubmed/34737426	A generalized linear mixed model association tool for biobank-scale data.	Hair/balding pattern: Pattern 1 (UKB data field 2395_1)	66,172 European ancestry cases, 140,864 European ancestry controls	NA	12q13.13	12	53956117		HOXC12			ENSG00000123407			rs180807105-G	rs180807105	0	180807105	intron_variant	0	0.006149	5E-13	12.301029995663981		0.3	[0.22-0.38] unit increase	NR [11842647] (imputed)	N	androgenetic alopecia	http://purl.obolibrary.org/obo/MONDO_0005339	GCST90043616	Genome-wide genotyping array
2021-12-01	34737426	Jiang L	2021-11-04	Nat Genet	www.ncbi.nlm.nih.gov/pubmed/34737426	A generalized linear mixed model association tool for biobank-scale data.	Hair/balding pattern: Pattern 1 (UKB data field 2395_1)	66,172 European ancestry cases, 140,864 European ancestry controls	NA	20p11.22	20	22262242		LINC01427			ENSG00000225321			rs144149795-G	rs144149795	0	144149795	intergenic_variant	0	0.005385	6E-11	10.221848749616356		0.29	[0.2-0.38] unit increase	NR [11842647] (imputed)	N	androgenetic alopecia	http://purl.obolibrary.org/obo/MONDO_0005339	GCST90043616	Genome-wide genotyping array
2021-12-01	34737426	Jiang L	2021-11-04	Nat Genet	www.ncbi.nlm.nih.gov/pubmed/34737426	A generalized linear mixed model association tool for biobank-scale data.	Hair/balding pattern: Pattern 4 (UKB data field 2395_4)	37,860 European ancestry cases, 169,176 European ancestry controls	NA	4q21.21	4	80943625		CFAP299			ENSG00000197826			rs191648835-G	rs191648835	0	191648835	intron_variant	0	0.005387	3E-12	11.522878745280337		0.38	[0.27-0.49] unit increase	NR [11842647] (imputed)	N	balding measurement, androgenetic alopecia	http://www.ebi.ac.uk/efo/EFO_0007825, http://purl.obolibrary.org/obo/MONDO_0005339	GCST90043619	Genome-wide genotyping array
2018-01-12	29146897	Pirastu N	2017-11-17	Nat Commun	www.ncbi.nlm.nih.gov/pubmed/29146897	GWAS for male-pattern baldness identifies 71 susceptibility loci explaining 38% of the risk.	Male-pattern baldness	25,662 British ancestry cases, 17,928 British ancestry controls	13,367 European ancestry cases, 11,851 European ancestry controls, 3,436 cases, 2,435 controls	1p36.22	1	10980328	DFFA	CIROZ			ENSG00000175262			rs7542354-G	rs7542354	0	7542354	intron_variant	0	NR	6E-49	48.221848749616356		0.249395	[0.22-0.28] unit decrease	Affymetrix [27512692] (imputed)	N	androgenetic alopecia	http://purl.obolibrary.org/obo/MONDO_0005339	GCST005116	Genome-wide genotyping array
2018-01-12	29146897	Pirastu N	2017-11-17	Nat Commun	www.ncbi.nlm.nih.gov/pubmed/29146897	GWAS for male-pattern baldness identifies 71 susceptibility loci explaining 38% of the risk.	Male-pattern baldness	25,662 British ancestry cases, 17,928 British ancestry controls	13,367 European ancestry cases, 11,851 European ancestry controls, 3,436 cases, 2,435 controls	1p36.11	1	25021086	SYF2, RUNX3	RUNX3 - MIR4425	ENSG00000020633	ENSG00000264371		55965	2417	rs11249243-C	rs11249243	0	11249243	intergenic_variant	1	NR	5E-17	16.30102999566398		0.209657	[0.16-0.26] unit decrease	Affymetrix [27512692] (imputed)	N	androgenetic alopecia	http://purl.obolibrary.org/obo/MONDO_0005339	GCST005116	Genome-wide genotyping array
2018-01-12	29146897	Pirastu N	2017-11-17	Nat Commun	www.ncbi.nlm.nih.gov/pubmed/29146897	GWAS for male-pattern baldness identifies 71 susceptibility loci explaining 38% of the risk.	Male-pattern baldness	25,662 British ancestry cases, 17,928 British ancestry controls	13,367 European ancestry cases, 11,851 European ancestry controls, 3,436 cases, 2,435 controls	1p36.11	1	25140138	SYF2, RUNX3	IFITM3P7 - SYF2	ENSG00000233419	ENSG00000117614		14684	82138	rs9803723-C	rs9803723	0	9803723	intron_variant	1	NR	2E-19	18.69897000433602		0.133322	[0.1-0.16] unit decrease	Affymetrix [27512692] (imputed)	N	androgenetic alopecia	http://purl.obolibrary.org/obo/MONDO_0005339	GCST005116	Genome-wide genotyping array
2018-01-12	29146897	Pirastu N	2017-11-17	Nat Commun	www.ncbi.nlm.nih.gov/pubmed/29146897	GWAS for male-pattern baldness identifies 71 susceptibility loci explaining 38% of the risk.	Male-pattern baldness	25,662 British ancestry cases, 17,928 British ancestry controls	13,367 European ancestry cases, 11,851 European ancestry controls, 3,436 cases, 2,435 controls	1p36.11	1	25143422	SYF2, RUNX3	IFITM3P7 - SYF2	ENSG00000233419	ENSG00000117614		17968	78854	rs2064251-G	rs2064251	0	2064251	intron_variant	1	NR	1E-20	20.0		0.148601	[0.12-0.18] unit increase	Affymetrix [27512692] (imputed)	N	androgenetic alopecia	http://purl.obolibrary.org/obo/MONDO_0005339	GCST005116	Genome-wide genotyping array
2018-01-12	29146897	Pirastu N	2017-11-17	Nat Commun	www.ncbi.nlm.nih.gov/pubmed/29146897	GWAS for male-pattern baldness identifies 71 susceptibility loci explaining 38% of the risk.	Male-pattern baldness	25,662 British ancestry cases, 17,928 British ancestry controls	13,367 European ancestry cases, 11,851 European ancestry controls, 3,436 cases, 2,435 controls	1p33	1	47486602	FOXD2	FOXD2 - RPL21P24	ENSG00000186564	ENSG00000229554		45911	11292	rs61784834-C	rs61784834	0	61784834	intergenic_variant	1	NR	7E-12	11.154901959985743		0.0975472	[0.07-0.125] unit increase	Affymetrix [27512692] (imputed)	N	androgenetic alopecia	http://purl.obolibrary.org/obo/MONDO_0005339	GCST005116	Genome-wide genotyping array
2018-01-12	29146897	Pirastu N	2017-11-17	Nat Commun	www.ncbi.nlm.nih.gov/pubmed/29146897	GWAS for male-pattern baldness identifies 71 susceptibility loci explaining 38% of the risk.	Male-pattern baldness	25,662 British ancestry cases, 17,928 British ancestry controls	13,367 European ancestry cases, 11,851 European ancestry controls, 3,436 cases, 2,435 controls	1p32.3	1	50494849	DMRTA2	FAF1			ENSG00000185104			rs10888690-T	rs10888690	0	10888690	intron_variant	0	NR	6E-13	12.221848749616356		0.102471	[0.075-0.13] unit decrease	Affymetrix [27512692] (imputed)	N	androgenetic alopecia	http://purl.obolibrary.org/obo/MONDO_0005339	GCST005116	Genome-wide genotyping array
2018-01-12	29146897	Pirastu N	2017-11-17	Nat Commun	www.ncbi.nlm.nih.gov/pubmed/29146897	GWAS for male-pattern baldness identifies 71 susceptibility loci explaining 38% of the risk.	Male-pattern baldness	25,662 British ancestry cases, 17,928 British ancestry controls	13,367 European ancestry cases, 11,851 European ancestry controls, 3,436 cases, 2,435 controls	1p12	1	118336934	WARS2	RNA5SP56 - PSMC1P12	ENSG00000222209	ENSG00000226126		72445	277399	rs12752809-C	rs12752809	0	12752809	intergenic_variant	1	NR	1E-11	11.0		0.108775	[0.077-0.14] unit increase	Affymetrix [27512692] (imputed)	N	androgenetic alopecia	http://purl.obolibrary.org/obo/MONDO_0005339	GCST005116	Genome-wide genotyping array
2018-01-12	29146897	Pirastu N	2017-11-17	Nat Commun	www.ncbi.nlm.nih.gov/pubmed/29146897	GWAS for male-pattern baldness identifies 71 susceptibility loci explaining 38% of the risk.	Male-pattern baldness	25,662 British ancestry cases, 17,928 British ancestry controls	13,367 European ancestry cases, 11,851 European ancestry controls, 3,436 cases, 2,435 controls	1p12	1	118896200	WARS2	TBX15			ENSG00000092607			rs111668293-TG	rs111668293	0	111668293	intron_variant	0	NR	3E-19	18.522878745280337		0.178323	[0.14-0.22] unit decrease	Affymetrix [27512692] (imputed)	N	androgenetic alopecia	http://purl.obolibrary.org/obo/MONDO_0005339	GCST005116	Genome-wide genotyping array
2018-01-12	29146897	Pirastu N	2017-11-17	Nat Commun	www.ncbi.nlm.nih.gov/pubmed/29146897	GWAS for male-pattern baldness identifies 71 susceptibility loci explaining 38% of the risk.	Male-pattern baldness	25,662 British ancestry cases, 17,928 British ancestry controls	13,367 European ancestry cases, 11,851 European ancestry controls, 3,436 cases, 2,435 controls	1q24.2	1	170532315	PRRX1	GORAB-AS1, GORAB			ENSG00000231407, ENSG00000120370			rs11578119-C	rs11578119	0	11578119	intron_variant	0	NR	3E-20	19.522878745280337		0.131794	[0.1-0.16] unit increase	Affymetrix [27512692] (imputed)	N	androgenetic alopecia	http://purl.obolibrary.org/obo/MONDO_0005339	GCST005116	Genome-wide genotyping array
2018-01-12	29146897	Pirastu N	2017-11-17	Nat Commun	www.ncbi.nlm.nih.gov/pubmed/29146897	GWAS for male-pattern baldness identifies 71 susceptibility loci explaining 38% of the risk.	Male-pattern baldness	25,662 British ancestry cases, 17,928 British ancestry controls	13,367 European ancestry cases, 11,851 European ancestry controls, 3,436 cases, 2,435 controls	2p25.2	2	6429434	ESPN	LINC01247 - LINC01824	ENSG00000227007	ENSG00000226488		54012	66217	rs6752754-A	rs6752754	0	6752754	intergenic_variant	1	NR	8E-10	9.096910013008056		0.119608	[0.081-0.158] unit decrease	Affymetrix [27512692] (imputed)	N	androgenetic alopecia	http://purl.obolibrary.org/obo/MONDO_0005339	GCST005116	Genome-wide genotyping array
2018-01-12	29146897	Pirastu N	2017-11-17	Nat Commun	www.ncbi.nlm.nih.gov/pubmed/29146897	GWAS for male-pattern baldness identifies 71 susceptibility loci explaining 38% of the risk.	Male-pattern baldness	25,662 British ancestry cases, 17,928 British ancestry controls	13,367 European ancestry cases, 11,851 European ancestry controls, 3,436 cases, 2,435 controls	2p22.3	2	31956355	SRD5A2	DPY30, MEMO1			ENSG00000162961, ENSG00000162959			rs13021718-G	rs13021718	0	13021718	intron_variant	0	NR	2E-26	25.69897000433602		0.2142	[0.17-0.25] unit decrease	Affymetrix [27512692] (imputed)	N	androgenetic alopecia	http://purl.obolibrary.org/obo/MONDO_0005339	GCST005116	Genome-wide genotyping array
2018-01-12	29146897	Pirastu N	2017-11-17	Nat Commun	www.ncbi.nlm.nih.gov/pubmed/29146897	GWAS for male-pattern baldness identifies 71 susceptibility loci explaining 38% of the risk.	Male-pattern baldness	25,662 British ancestry cases, 17,928 British ancestry controls	13,367 European ancestry cases, 11,851 European ancestry controls, 3,436 cases, 2,435 controls	2p14	2	67935414	intergenic	LINC01812 - FBXL12P1	ENSG00000237013	ENSG00000235968		109756	88280	rs62146540-C	rs62146540	0	62146540	intergenic_variant	1	NR	8E-12	11.096910013008056		0.108173	[0.077-0.139] unit decrease	Affymetrix [27512692] (imputed)	N	androgenetic alopecia	http://purl.obolibrary.org/obo/MONDO_0005339	GCST005116	Genome-wide genotyping array
2018-01-12	29146897	Pirastu N	2017-11-17	Nat Commun	www.ncbi.nlm.nih.gov/pubmed/29146897	GWAS for male-pattern baldness identifies 71 susceptibility loci explaining 38% of the risk.	Male-pattern baldness	25,662 British ancestry cases, 17,928 British ancestry controls	13,367 European ancestry cases, 11,851 European ancestry controls, 3,436 cases, 2,435 controls	2q31.1	2	173740905	CDCA7	PPIAP66 - RPL5P7	ENSG00000226131	ENSG00000234415		254543	130748	rs13405699-C	rs13405699	0	13405699	intron_variant	1	NR	5E-10	9.301029995663981		0.309309	[0.21-0.41] unit increase	Affymetrix [27512692] (imputed)	N	androgenetic alopecia	http://purl.obolibrary.org/obo/MONDO_0005339	GCST005116	Genome-wide genotyping array
2018-01-12	29146897	Pirastu N	2017-11-17	Nat Commun	www.ncbi.nlm.nih.gov/pubmed/29146897	GWAS for male-pattern baldness identifies 71 susceptibility loci explaining 38% of the risk.	Male-pattern baldness	25,662 British ancestry cases, 17,928 British ancestry controls	13,367 European ancestry cases, 11,851 European ancestry controls, 3,436 cases, 2,435 controls	2q31.1	2	176127129	HOXD3	HOXD-AS2			ENSG00000237380			rs71421546-C	rs71421546	0	71421546	intron_variant	0	NR	1E-14	14.0		0.26782	[0.2-0.34] unit increase	Affymetrix [27512692] (imputed)	N	androgenetic alopecia	http://purl.obolibrary.org/obo/MONDO_0005339	GCST005116	Genome-wide genotyping array
2018-01-12	29146897	Pirastu N	2017-11-17	Nat Commun	www.ncbi.nlm.nih.gov/pubmed/29146897	GWAS for male-pattern baldness identifies 71 susceptibility loci explaining 38% of the risk.	Male-pattern baldness	25,662 British ancestry cases, 17,928 British ancestry controls	13,367 European ancestry cases, 11,851 European ancestry controls, 3,436 cases, 2,435 controls	2q31.1	2	176897100	HOXD3	LINC01117 - RNU6-187P	ENSG00000224577	ENSG00000206866		18313	32885	rs10930758-A	rs10930758	0	10930758	intron_variant	1	NR	3E-13	12.522878745280337		0.102827	[0.075-0.13] unit decrease	Affymetrix [27512692] (imputed)	N	androgenetic alopecia	http://purl.obolibrary.org/obo/MONDO_0005339	GCST005116	Genome-wide genotyping array
2018-01-12	29146897	Pirastu N	2017-11-17	Nat Commun	www.ncbi.nlm.nih.gov/pubmed/29146897	GWAS for male-pattern baldness identifies 71 susceptibility loci explaining 38% of the risk.	Male-pattern baldness	25,662 British ancestry cases, 17,928 British ancestry controls	13,367 European ancestry cases, 11,851 European ancestry controls, 3,436 cases, 2,435 controls	2q35	2	218891661	WNT10A	WNT10A			ENSG00000135925			rs7349332-C	rs7349332	0	7349332	intron_variant	0	NR	1E-19	19.0		0.178911	[0.14-0.22] unit increase	Affymetrix [27512692] (imputed)	N	androgenetic alopecia	http://purl.obolibrary.org/obo/MONDO_0005339	GCST005116	Genome-wide genotyping array
2018-01-12	29146897	Pirastu N	2017-11-17	Nat Commun	www.ncbi.nlm.nih.gov/pubmed/29146897	GWAS for male-pattern baldness identifies 71 susceptibility loci explaining 38% of the risk.	Male-pattern baldness	25,662 British ancestry cases, 17,928 British ancestry controls	13,367 European ancestry cases, 11,851 European ancestry controls, 3,436 cases, 2,435 controls	2q37.3	2	238787252	TWIST2, LINC01107	LINC01937 - TWIST2	ENSG00000234279	ENSG00000233608		45490	60780	rs11684254-C	rs11684254	0	11684254	regulatory_region_variant	1	NR	1E-39	39.0		0.192886	[0.16-0.22] unit increase	Affymetrix [27512692] (imputed)	N	androgenetic alopecia	http://purl.obolibrary.org/obo/MONDO_0005339	GCST005116	Genome-wide genotyping array
2018-01-12	29146897	Pirastu N	2017-11-17	Nat Commun	www.ncbi.nlm.nih.gov/pubmed/29146897	GWAS for male-pattern baldness identifies 71 susceptibility loci explaining 38% of the risk.	Male-pattern baldness	25,662 British ancestry cases, 17,928 British ancestry controls	13,367 European ancestry cases, 11,851 European ancestry controls, 3,436 cases, 2,435 controls	3q21.3	3	126274431	intergenic	ALDH1L1-AS2 - KLF15	ENSG00000246022	ENSG00000163884		64262	68204	rs115182912-G	rs115182912	0	115182912	intron_variant	1	NR	3E-11	10.522878745280337		0.312401	[0.22-0.4] unit increase	Affymetrix [27512692] (imputed)	N	androgenetic alopecia	http://purl.obolibrary.org/obo/MONDO_0005339	GCST005116	Genome-wide genotyping array
2018-01-12	29146897	Pirastu N	2017-11-17	Nat Commun	www.ncbi.nlm.nih.gov/pubmed/29146897	GWAS for male-pattern baldness identifies 71 susceptibility loci explaining 38% of the risk.	Male-pattern baldness	25,662 British ancestry cases, 17,928 British ancestry controls	13,367 European ancestry cases, 11,851 European ancestry controls, 3,436 cases, 2,435 controls	3q21.3	3	126350105	intergenic	KLF15			ENSG00000163884			rs35892873-C	rs35892873	0	35892873	intron_variant	0	NR	5E-13	12.301029995663981		0.110725	[0.081-0.141] unit decrease	Affymetrix [27512692] (imputed)	N	androgenetic alopecia	http://purl.obolibrary.org/obo/MONDO_0005339	GCST005116	Genome-wide genotyping array
2018-01-12	29146897	Pirastu N	2017-11-17	Nat Commun	www.ncbi.nlm.nih.gov/pubmed/29146897	GWAS for male-pattern baldness identifies 71 susceptibility loci explaining 38% of the risk.	Male-pattern baldness	25,662 British ancestry cases, 17,928 British ancestry controls	13,367 European ancestry cases, 11,851 European ancestry controls, 3,436 cases, 2,435 controls	3q23	3	139003779	COPB2	FOXL2NB - PRR23A	ENSG00000206262	ENSG00000206260		49789	183	rs6788232-T	rs6788232	0	6788232	intergenic_variant	1	NR	1E-15	15.0		0.177364	[0.13-0.22] unit increase	Affymetrix [27512692] (imputed)	N	androgenetic alopecia	http://purl.obolibrary.org/obo/MONDO_0005339	GCST005116	Genome-wide genotyping array
2018-01-12	29146897	Pirastu N	2017-11-17	Nat Commun	www.ncbi.nlm.nih.gov/pubmed/29146897	GWAS for male-pattern baldness identifies 71 susceptibility loci explaining 38% of the risk.	Male-pattern baldness	25,662 British ancestry cases, 17,928 British ancestry controls	13,367 European ancestry cases, 11,851 European ancestry controls, 3,436 cases, 2,435 controls	3q23	3	139313491	COPB2	MRPS22			ENSG00000175110			rs7642536-T	rs7642536	0	7642536	intron_variant	0	NR	2E-21	20.69897000433602		0.199553	[0.16-0.24] unit increase	Affymetrix [27512692] (imputed)	N	androgenetic alopecia	http://purl.obolibrary.org/obo/MONDO_0005339	GCST005116	Genome-wide genotyping array
2018-01-12	29146897	Pirastu N	2017-11-17	Nat Commun	www.ncbi.nlm.nih.gov/pubmed/29146897	GWAS for male-pattern baldness identifies 71 susceptibility loci explaining 38% of the risk.	Male-pattern baldness	25,662 British ancestry cases, 17,928 British ancestry controls	13,367 European ancestry cases, 11,851 European ancestry controls, 3,436 cases, 2,435 controls	3q25.1	3	151956689	AADAC	AADACL2-AS1 - LINC02917	ENSG00000242908	ENSG00000239941		28511	84134	rs16863765-G	rs16863765	0	16863765	intron_variant	1	NR	8E-18	17.096910013008056		0.133406	[0.1-0.16] unit increase	Affymetrix [27512692] (imputed)	N	androgenetic alopecia	http://purl.obolibrary.org/obo/MONDO_0005339	GCST005116	Genome-wide genotyping array
2018-01-12	29146897	Pirastu N	2017-11-17	Nat Commun	www.ncbi.nlm.nih.gov/pubmed/29146897	GWAS for male-pattern baldness identifies 71 susceptibility loci explaining 38% of the risk.	Male-pattern baldness	25,662 British ancestry cases, 17,928 British ancestry controls	13,367 European ancestry cases, 11,851 European ancestry controls, 3,436 cases, 2,435 controls	4q21.21	4	80276795	FGF5, PRDM8	FGF5			ENSG00000138675			rs7680591-T	rs7680591	0	7680591	intron_variant	0	NR	5E-25	24.30102999566398		0.147336	[0.12-0.18] unit increase	Affymetrix [27512692] (imputed)	N	androgenetic alopecia	http://purl.obolibrary.org/obo/MONDO_0005339	GCST005116	Genome-wide genotyping array
2018-01-12	29146897	Pirastu N	2017-11-17	Nat Commun	www.ncbi.nlm.nih.gov/pubmed/29146897	GWAS for male-pattern baldness identifies 71 susceptibility loci explaining 38% of the risk.	Male-pattern baldness	25,662 British ancestry cases, 17,928 British ancestry controls	13,367 European ancestry cases, 11,851 European ancestry controls, 3,436 cases, 2,435 controls	5q33.3	5	158893869	EBF1, UBLCP1	EBF1			ENSG00000164330			rs1422798-C	rs1422798	0	1422798	intron_variant	0	NR	2E-44	43.69897000433602		0.20288	[0.17-0.23] unit decrease	Affymetrix [27512692] (imputed)	N	androgenetic alopecia	http://purl.obolibrary.org/obo/MONDO_0005339	GCST005116	Genome-wide genotyping array
2018-01-12	29146897	Pirastu N	2017-11-17	Nat Commun	www.ncbi.nlm.nih.gov/pubmed/29146897	GWAS for male-pattern baldness identifies 71 susceptibility loci explaining 38% of the risk.	Male-pattern baldness	25,662 British ancestry cases, 17,928 British ancestry controls	13,367 European ancestry cases, 11,851 European ancestry controls, 3,436 cases, 2,435 controls	6p25.3	6	396321	IRF4	IRF4			ENSG00000137265			rs12203592-C	rs12203592	0	12203592	intron_variant	0	NR	2E-52	51.69897000433602		0.262639	[0.23-0.3] unit increase	Affymetrix [27512692] (imputed)	N	androgenetic alopecia	http://purl.obolibrary.org/obo/MONDO_0005339	GCST005116	Genome-wide genotyping array
2018-01-12	29146897	Pirastu N	2017-11-17	Nat Commun	www.ncbi.nlm.nih.gov/pubmed/29146897	GWAS for male-pattern baldness identifies 71 susceptibility loci explaining 38% of the risk.	Male-pattern baldness	25,662 British ancestry cases, 17,928 British ancestry controls	13,367 European ancestry cases, 11,851 European ancestry controls, 3,436 cases, 2,435 controls	6p24.3	6	9333352	OFCC1	HULC - OFCC1	ENSG00000285219	ENSG00000181355		39219	262945	rs34624408-T	rs34624408	0	34624408	intergenic_variant	1	NR	9E-29	28.045757490560675		0.157266	[0.13-0.18] unit increase	Affymetrix [27512692] (imputed)	N	androgenetic alopecia	http://purl.obolibrary.org/obo/MONDO_0005339	GCST005116	Genome-wide genotyping array
2018-01-12	29146897	Pirastu N	2017-11-17	Nat Commun	www.ncbi.nlm.nih.gov/pubmed/29146897	GWAS for male-pattern baldness identifies 71 susceptibility loci explaining 38% of the risk.	Male-pattern baldness	25,662 British ancestry cases, 17,928 British ancestry controls	13,367 European ancestry cases, 11,851 European ancestry controls, 3,436 cases, 2,435 controls	6p24.3	6	9481139	OFCC1	HULC - OFCC1	ENSG00000285219	ENSG00000181355		187006	115158	rs2876167-G	rs2876167	0	2876167	intergenic_variant	1	NR	2E-10	9.698970004336019		0.0925893	[0.064-0.121] unit decrease	Affymetrix [27512692] (imputed)	N	androgenetic alopecia	http://purl.obolibrary.org/obo/MONDO_0005339	GCST005116	Genome-wide genotyping array
2018-01-12	29146897	Pirastu N	2017-11-17	Nat Commun	www.ncbi.nlm.nih.gov/pubmed/29146897	GWAS for male-pattern baldness identifies 71 susceptibility loci explaining 38% of the risk.	Male-pattern baldness	25,662 British ancestry cases, 17,928 British ancestry controls	13,367 European ancestry cases, 11,851 European ancestry controls, 3,436 cases, 2,435 controls	6p24.3	6	9677162	OFCC1	OFCC1			ENSG00000181355			rs2149150-C	rs2149150	0	2149150	intron_variant	0	NR	3E-16	15.522878745280337		0.163669	[0.12-0.2] unit increase	Affymetrix [27512692] (imputed)	N	androgenetic alopecia	http://purl.obolibrary.org/obo/MONDO_0005339	GCST005116	Genome-wide genotyping array
2018-01-12	29146897	Pirastu N	2017-11-17	Nat Commun	www.ncbi.nlm.nih.gov/pubmed/29146897	GWAS for male-pattern baldness identifies 71 susceptibility loci explaining 38% of the risk.	Male-pattern baldness	25,662 British ancestry cases, 17,928 British ancestry controls	13,367 European ancestry cases, 11,851 European ancestry controls, 3,436 cases, 2,435 controls	6q21	6	105760046	intergenic	LINC02836 - RN7SKP211	ENSG00000237567	ENSG00000200198		127750	144327	rs12214131-G	rs12214131	0	12214131	intron_variant	1	NR	9E-14	13.045757490560675		0.108791	[0.08-0.137] unit increase	Affymetrix [27512692] (imputed)	N	androgenetic alopecia	http://purl.obolibrary.org/obo/MONDO_0005339	GCST005116	Genome-wide genotyping array
2018-01-12	29146897	Pirastu N	2017-11-17	Nat Commun	www.ncbi.nlm.nih.gov/pubmed/29146897	GWAS for male-pattern baldness identifies 71 susceptibility loci explaining 38% of the risk.	Male-pattern baldness	25,662 British ancestry cases, 17,928 British ancestry controls	13,367 European ancestry cases, 11,851 European ancestry controls, 3,436 cases, 2,435 controls	6q22.32	6	126362448	CENPW	CENPW - MIR588	ENSG00000203760	ENSG00000207632		13573	122183	rs9398803-A	rs9398803	0	9398803	intron_variant	1	NR	2E-17	16.69897000433602		0.119565	[0.092-0.147] unit decrease	Affymetrix [27512692] (imputed)	N	androgenetic alopecia	http://purl.obolibrary.org/obo/MONDO_0005339	GCST005116	Genome-wide genotyping array
2018-01-12	29146897	Pirastu N	2017-11-17	Nat Commun	www.ncbi.nlm.nih.gov/pubmed/29146897	GWAS for male-pattern baldness identifies 71 susceptibility loci explaining 38% of the risk.	Male-pattern baldness	25,662 British ancestry cases, 17,928 British ancestry controls	13,367 European ancestry cases, 11,851 European ancestry controls, 3,436 cases, 2,435 controls	7p21.1	7	18857365	TWIST1	HDAC9			ENSG00000048052			rs71530654-A	rs71530654	0	71530654	intron_variant	0	NR	7E-63	62.15490195998574		0.241923	[0.21-0.27] unit increase	Affymetrix [27512692] (imputed)	N	androgenetic alopecia	http://purl.obolibrary.org/obo/MONDO_0005339	GCST005116	Genome-wide genotyping array
2018-01-12	29146897	Pirastu N	2017-11-17	Nat Commun	www.ncbi.nlm.nih.gov/pubmed/29146897	GWAS for male-pattern baldness identifies 71 susceptibility loci explaining 38% of the risk.	Male-pattern baldness	25,662 British ancestry cases, 17,928 British ancestry controls	13,367 European ancestry cases, 11,851 European ancestry controls, 3,436 cases, 2,435 controls	7p12.3	7	46864702	EPS15P1	EPS15P1 - MRPL42P4	ENSG00000242948	ENSG00000242552		81567	161426	rs58788673-T	rs58788673	0	58788673	intron_variant	1	NR	1E-17	17.0		0.142151	[0.11-0.17] unit increase	Affymetrix [27512692] (imputed)	N	androgenetic alopecia	http://purl.obolibrary.org/obo/MONDO_0005339	GCST005116	Genome-wide genotyping array
2018-01-12	29146897	Pirastu N	2017-11-17	Nat Commun	www.ncbi.nlm.nih.gov/pubmed/29146897	GWAS for male-pattern baldness identifies 71 susceptibility loci explaining 38% of the risk.	Male-pattern baldness	25,662 British ancestry cases, 17,928 British ancestry controls	13,367 European ancestry cases, 11,851 European ancestry controls, 3,436 cases, 2,435 controls	7q11.22	7	69122810	AUTS2	RNA5SP231 - RNU6-832P	ENSG00000222428	ENSG00000200189		398762	2460	rs939963-G	rs939963	0	939963	intergenic_variant	1	NR	2E-41	40.69897000433602		0.188856	[0.16-0.22] unit decrease	Affymetrix [27512692] (imputed)	N	androgenetic alopecia	http://purl.obolibrary.org/obo/MONDO_0005339	GCST005116	Genome-wide genotyping array
2018-01-12	29146897	Pirastu N	2017-11-17	Nat Commun	www.ncbi.nlm.nih.gov/pubmed/29146897	GWAS for male-pattern baldness identifies 71 susceptibility loci explaining 38% of the risk.	Male-pattern baldness	25,662 British ancestry cases, 17,928 British ancestry controls	13,367 European ancestry cases, 11,851 European ancestry controls, 3,436 cases, 2,435 controls	7q11.22	7	69433703	AUTS2	RNU6-229P - Y_RNA	ENSG00000252423	ENSG00000200544		32400	73807	rs4718886-A	rs4718886	0	4718886	intergenic_variant	1	NR	8E-27	26.096910013008056		0.173721	[0.14-0.21] unit decrease	Affymetrix [27512692] (imputed)	N	androgenetic alopecia	http://purl.obolibrary.org/obo/MONDO_0005339	GCST005116	Genome-wide genotyping array
2018-01-12	29146897	Pirastu N	2017-11-17	Nat Commun	www.ncbi.nlm.nih.gov/pubmed/29146897	GWAS for male-pattern baldness identifies 71 susceptibility loci explaining 38% of the risk.	Male-pattern baldness	25,662 British ancestry cases, 17,928 British ancestry controls	13,367 European ancestry cases, 11,851 European ancestry controls, 3,436 cases, 2,435 controls	7q32.3	7	131309621	intergenic	MKLN1, MKLN1-AS			ENSG00000128585, ENSG00000236753			rs9719620-T	rs9719620	0	9719620	intron_variant	0	NR	3E-8	7.522878745280337		0.0779497	[0.05-0.106] unit decrease	Affymetrix [27512692] (imputed)	N	androgenetic alopecia	http://purl.obolibrary.org/obo/MONDO_0005339	GCST005116	Genome-wide genotyping array
2018-01-12	29146897	Pirastu N	2017-11-17	Nat Commun	www.ncbi.nlm.nih.gov/pubmed/29146897	GWAS for male-pattern baldness identifies 71 susceptibility loci explaining 38% of the risk.	Male-pattern baldness	25,662 British ancestry cases, 17,928 British ancestry controls	13,367 European ancestry cases, 11,851 European ancestry controls, 3,436 cases, 2,435 controls	8q23.1	8	108034320	RSPO2	RSPO2			ENSG00000147655			rs182973285-C	rs182973285	0	182973285	intron_variant	0	NR	1E-16	16.0		0.943488	[0.72-1.17] unit increase	Affymetrix [27512692] (imputed)	N	androgenetic alopecia	http://purl.obolibrary.org/obo/MONDO_0005339	GCST005116	Genome-wide genotyping array
2018-01-12	29146897	Pirastu N	2017-11-17	Nat Commun	www.ncbi.nlm.nih.gov/pubmed/29146897	GWAS for male-pattern baldness identifies 71 susceptibility loci explaining 38% of the risk.	Male-pattern baldness	25,662 British ancestry cases, 17,928 British ancestry controls	13,367 European ancestry cases, 11,851 European ancestry controls, 3,436 cases, 2,435 controls	8q23.1	8	108256167	RSPO2	EIF3E			ENSG00000104408			rs77767830-A	rs77767830	0	77767830	intergenic_variant	0	NR	2E-14	13.698970004336019		0.311482	[0.23-0.39] unit increase	Affymetrix [27512692] (imputed)	N	androgenetic alopecia	http://purl.obolibrary.org/obo/MONDO_0005339	GCST005116	Genome-wide genotyping array
2018-01-12	29146897	Pirastu N	2017-11-17	Nat Commun	www.ncbi.nlm.nih.gov/pubmed/29146897	GWAS for male-pattern baldness identifies 71 susceptibility loci explaining 38% of the risk.	Male-pattern baldness	25,662 British ancestry cases, 17,928 British ancestry controls	13,367 European ancestry cases, 11,851 European ancestry controls, 3,436 cases, 2,435 controls	8q23.1	8	108483382	RSPO2	EMC2			ENSG00000104412			rs79593277-G	rs79593277	0	79593277	intron_variant	0	NR	2E-22	21.69897000433602		0.624511	[0.5-0.75] unit increase	Affymetrix [27512692] (imputed)	N	androgenetic alopecia	http://purl.obolibrary.org/obo/MONDO_0005339	GCST005116	Genome-wide genotyping array
2018-01-12	29146897	Pirastu N	2017-11-17	Nat Commun	www.ncbi.nlm.nih.gov/pubmed/29146897	GWAS for male-pattern baldness identifies 71 susceptibility loci explaining 38% of the risk.	Male-pattern baldness	25,662 British ancestry cases, 17,928 British ancestry controls	13,367 European ancestry cases, 11,851 European ancestry controls, 3,436 cases, 2,435 controls	10q22.3	10	76436854	C10orf11	LRMDA			ENSG00000148655			rs11593840-A	rs11593840	0	11593840	intron_variant	0	NR	9E-24	23.045757490560675		0.14172	[0.11-0.17] unit decrease	Affymetrix [27512692] (imputed)	N	androgenetic alopecia	http://purl.obolibrary.org/obo/MONDO_0005339	GCST005116	Genome-wide genotyping array
2018-01-12	29146897	Pirastu N	2017-11-17	Nat Commun	www.ncbi.nlm.nih.gov/pubmed/29146897	GWAS for male-pattern baldness identifies 71 susceptibility loci explaining 38% of the risk.	Male-pattern baldness	25,662 British ancestry cases, 17,928 British ancestry controls	13,367 European ancestry cases, 11,851 European ancestry controls, 3,436 cases, 2,435 controls	10q26.13	10	124666560	METTL10, FAM53B	FAM53B			ENSG00000189319			rs3781452-C	rs3781452	0	3781452	intron_variant	0	NR	3E-17	16.522878745280337		0.123175	[0.095-0.152] unit decrease	Affymetrix [27512692] (imputed)	N	androgenetic alopecia	http://purl.obolibrary.org/obo/MONDO_0005339	GCST005116	Genome-wide genotyping array
2018-01-12	29146897	Pirastu N	2017-11-17	Nat Commun	www.ncbi.nlm.nih.gov/pubmed/29146897	GWAS for male-pattern baldness identifies 71 susceptibility loci explaining 38% of the risk.	Male-pattern baldness	25,662 British ancestry cases, 17,928 British ancestry controls	13,367 European ancestry cases, 11,851 European ancestry controls, 3,436 cases, 2,435 controls	11p11.2	11	44389312	ALX4	ALX4 - RPL7AP79	ENSG00000052850	ENSG00000255106		79173	150466	rs11037975-C	rs11037975	0	11037975	intron_variant	1	NR	2E-19	18.69897000433602		0.138017	[0.11-0.17] unit decrease	Affymetrix [27512692] (imputed)	N	androgenetic alopecia	http://purl.obolibrary.org/obo/MONDO_0005339	GCST005116	Genome-wide genotyping array
2018-01-12	29146897	Pirastu N	2017-11-17	Nat Commun	www.ncbi.nlm.nih.gov/pubmed/29146897	GWAS for male-pattern baldness identifies 71 susceptibility loci explaining 38% of the risk.	Male-pattern baldness	25,662 British ancestry cases, 17,928 British ancestry controls	13,367 European ancestry cases, 11,851 European ancestry controls, 3,436 cases, 2,435 controls	12p12.1	12	26275744	SSPN	SSPN, SSPN-AS1			ENSG00000123096, ENSG00000256234			rs7974900-T	rs7974900	0	7974900	intron_variant	0	NR	2E-16	15.698970004336019		0.130649	[0.1-0.162] unit decrease	Affymetrix [27512692] (imputed)	N	androgenetic alopecia	http://purl.obolibrary.org/obo/MONDO_0005339	GCST005116	Genome-wide genotyping array
2018-01-12	29146897	Pirastu N	2017-11-17	Nat Commun	www.ncbi.nlm.nih.gov/pubmed/29146897	GWAS for male-pattern baldness identifies 71 susceptibility loci explaining 38% of the risk.	Male-pattern baldness	25,662 British ancestry cases, 17,928 British ancestry controls	13,367 European ancestry cases, 11,851 European ancestry controls, 3,436 cases, 2,435 controls	12p11.22	12	29081094	FAR2	CCDC91 - FAR2	ENSG00000123106	ENSG00000064763		499583	67922	rs7976269-G	rs7976269	0	7976269	intergenic_variant	1	NR	6E-14	13.221848749616356		0.137873	[0.1-0.17] unit decrease	Affymetrix [27512692] (imputed)	N	androgenetic alopecia	http://purl.obolibrary.org/obo/MONDO_0005339	GCST005116	Genome-wide genotyping array
2018-01-12	29146897	Pirastu N	2017-11-17	Nat Commun	www.ncbi.nlm.nih.gov/pubmed/29146897	GWAS for male-pattern baldness identifies 71 susceptibility loci explaining 38% of the risk.	Male-pattern baldness	25,662 British ancestry cases, 17,928 British ancestry controls	13,367 European ancestry cases, 11,851 European ancestry controls, 3,436 cases, 2,435 controls	12q24.33	12	130078818	intergenic	LINC02419 - FZD10-AS1	ENSG00000256906	ENSG00000250208		6129	65497	rs76972608-A	rs76972608	0	76972608	intergenic_variant	1	NR	2E-12	11.698970004336019		0.146316	[0.11-0.19] unit decrease	Affymetrix [27512692] (imputed)	N	androgenetic alopecia	http://purl.obolibrary.org/obo/MONDO_0005339	GCST005116	Genome-wide genotyping array
2018-01-12	29146897	Pirastu N	2017-11-17	Nat Commun	www.ncbi.nlm.nih.gov/pubmed/29146897	GWAS for male-pattern baldness identifies 71 susceptibility loci explaining 38% of the risk.	Male-pattern baldness	25,662 British ancestry cases, 17,928 British ancestry controls	13,367 European ancestry cases, 11,851 European ancestry controls, 3,436 cases, 2,435 controls	15q23	15	69747915	intergenic	DRAIC			ENSG00000245750			rs12902958-G	rs12902958	0	12902958	intron_variant	0	NR	4E-15	14.397940008672037		0.1817	[0.14-0.23] unit increase	Affymetrix [27512692] (imputed)	N	androgenetic alopecia	http://purl.obolibrary.org/obo/MONDO_0005339	GCST005116	Genome-wide genotyping array
2018-01-12	29146897	Pirastu N	2017-11-17	Nat Commun	www.ncbi.nlm.nih.gov/pubmed/29146897	GWAS for male-pattern baldness identifies 71 susceptibility loci explaining 38% of the risk.	Male-pattern baldness	25,662 British ancestry cases, 17,928 British ancestry controls	13,367 European ancestry cases, 11,851 European ancestry controls, 3,436 cases, 2,435 controls	16p13.12	16	14294769	intergenic	Y_RNA - MIR193BHG	ENSG00000200544	ENSG00000262454		19169	6300	rs1704529-C	rs1704529	0	1704529	intergenic_variant	1	NR	1E-9	9.0		0.0903341	[0.061-0.12] unit decrease	Affymetrix [27512692] (imputed)	N	androgenetic alopecia	http://purl.obolibrary.org/obo/MONDO_0005339	GCST005116	Genome-wide genotyping array
2018-01-12	29146897	Pirastu N	2017-11-17	Nat Commun	www.ncbi.nlm.nih.gov/pubmed/29146897	GWAS for male-pattern baldness identifies 71 susceptibility loci explaining 38% of the risk.	Male-pattern baldness	25,662 British ancestry cases, 17,928 British ancestry controls	13,367 European ancestry cases, 11,851 European ancestry controls, 3,436 cases, 2,435 controls	17p12	17	12553762	intergenic	LINC00670			ENSG00000179136			rs72809171-G	rs72809171	0	72809171	intron_variant	0	NR	2E-9	8.698970004336019		0.198908	[0.13-0.26] unit increase	Affymetrix [27512692] (imputed)	N	androgenetic alopecia	http://purl.obolibrary.org/obo/MONDO_0005339	GCST005116	Genome-wide genotyping array
2018-01-12	29146897	Pirastu N	2017-11-17	Nat Commun	www.ncbi.nlm.nih.gov/pubmed/29146897	GWAS for male-pattern baldness identifies 71 susceptibility loci explaining 38% of the risk.	Male-pattern baldness	25,662 British ancestry cases, 17,928 British ancestry controls	13,367 European ancestry cases, 11,851 European ancestry controls, 3,436 cases, 2,435 controls				WNT3, MAPT, PLEKHM1							chr17:43947866-GTGTGTGTGTGTGGGTGT	chr17:43947866	0			1	NR	1E-24	24.0		0.238584	[0.19-0.28] unit decrease	Affymetrix [27512692] (imputed)	N	androgenetic alopecia	http://purl.obolibrary.org/obo/MONDO_0005339	GCST005116	Genome-wide genotyping array
2018-01-12	29146897	Pirastu N	2017-11-17	Nat Commun	www.ncbi.nlm.nih.gov/pubmed/29146897	GWAS for male-pattern baldness identifies 71 susceptibility loci explaining 38% of the risk.	Male-pattern baldness	25,662 British ancestry cases, 17,928 British ancestry controls	13,367 European ancestry cases, 11,851 European ancestry controls, 3,436 cases, 2,435 controls	17q21.31	17	45988374	WNT3, MAPT, PLEKHM1	MAPT			ENSG00000186868			rs919462-C	rs919462	0	919462	intron_variant	0	NR	1E-26	26.0		0.168393	[0.14-0.2] unit decrease	Affymetrix [27512692] (imputed)	N	androgenetic alopecia	http://purl.obolibrary.org/obo/MONDO_0005339	GCST005116	Genome-wide genotyping array
2018-01-12	29146897	Pirastu N	2017-11-17	Nat Commun	www.ncbi.nlm.nih.gov/pubmed/29146897	GWAS for male-pattern baldness identifies 71 susceptibility loci explaining 38% of the risk.	Male-pattern baldness	25,662 British ancestry cases, 17,928 British ancestry controls	13,367 European ancestry cases, 11,851 European ancestry controls, 3,436 cases, 2,435 controls	17q21.31	17	46288156	WNT3, MAPT, PLEKHM1	ARL17B			ENSG00000228696			rs572756998-A	rs572756998	0	572756998	intron_variant	0	NR	3E-16	15.522878745280337		0.310199	[0.24-0.38] unit decrease	Affymetrix [27512692] (imputed)	N	androgenetic alopecia	http://purl.obolibrary.org/obo/MONDO_0005339	GCST005116	Genome-wide genotyping array
2018-01-12	29146897	Pirastu N	2017-11-17	Nat Commun	www.ncbi.nlm.nih.gov/pubmed/29146897	GWAS for male-pattern baldness identifies 71 susceptibility loci explaining 38% of the risk.	Male-pattern baldness	25,662 British ancestry cases, 17,928 British ancestry controls	13,367 European ancestry cases, 11,851 European ancestry controls, 3,436 cases, 2,435 controls	17q22	17	57153267	MSI2	AKAP1 - MSI2	ENSG00000121057	ENSG00000153944		31918	102584	rs17833789-C	rs17833789	0	17833789	intron_variant	1	NR	9E-23	22.045757490560675		0.138183	[0.11-0.17] unit increase	Affymetrix [27512692] (imputed)	N	androgenetic alopecia	http://purl.obolibrary.org/obo/MONDO_0005339	GCST005116	Genome-wide genotyping array
2018-01-12	29146897	Pirastu N	2017-11-17	Nat Commun	www.ncbi.nlm.nih.gov/pubmed/29146897	GWAS for male-pattern baldness identifies 71 susceptibility loci explaining 38% of the risk.	Male-pattern baldness	25,662 British ancestry cases, 17,928 British ancestry controls	13,367 European ancestry cases, 11,851 European ancestry controls, 3,436 cases, 2,435 controls	18q12.3	18	45234191	SETBP1	SLC14A2			ENSG00000132874			rs8085664-C	rs8085664	0	8085664	intron_variant	0	NR	8E-25	24.096910013008056		0.160868	[0.13-0.19] unit decrease	Affymetrix [27512692] (imputed)	N	androgenetic alopecia	http://purl.obolibrary.org/obo/MONDO_0005339	GCST005116	Genome-wide genotyping array
2018-01-12	29146897	Pirastu N	2017-11-17	Nat Commun	www.ncbi.nlm.nih.gov/pubmed/29146897	GWAS for male-pattern baldness identifies 71 susceptibility loci explaining 38% of the risk.	Male-pattern baldness	25,662 British ancestry cases, 17,928 British ancestry controls	13,367 European ancestry cases, 11,851 European ancestry controls, 3,436 cases, 2,435 controls	20p11.22	20	21912814	PAX1	RPL41P1 - LINC01432	ENSG00000227063	ENSG00000234435		157464	141247	rs77410716-C	rs77410716	0	77410716	intron_variant	1	NR	5E-45	44.30102999566398		0.284588	[0.24-0.32] unit increase	Affymetrix [27512692] (imputed)	N	androgenetic alopecia	http://purl.obolibrary.org/obo/MONDO_0005339	GCST005116	Genome-wide genotyping array
2018-01-12	29146897	Pirastu N	2017-11-17	Nat Commun	www.ncbi.nlm.nih.gov/pubmed/29146897	GWAS for male-pattern baldness identifies 71 susceptibility loci explaining 38% of the risk.	Male-pattern baldness	25,662 British ancestry cases, 17,928 British ancestry controls	13,367 European ancestry cases, 11,851 European ancestry controls, 3,436 cases, 2,435 controls	20p11.22	20	21961007	PAX1	RPL41P1 - LINC01432	ENSG00000227063	ENSG00000234435		205657	93054	rs552649178-G	rs552649178	0	552649178	intron_variant	1	NR	6E-59	58.221848749616356		0.269287	[0.24-0.3] unit decrease	Affymetrix [27512692] (imputed)	N	androgenetic alopecia	http://purl.obolibrary.org/obo/MONDO_0005339	GCST005116	Genome-wide genotyping array
2018-01-12	29146897	Pirastu N	2017-11-17	Nat Commun	www.ncbi.nlm.nih.gov/pubmed/29146897	GWAS for male-pattern baldness identifies 71 susceptibility loci explaining 38% of the risk.	Male-pattern baldness	25,662 British ancestry cases, 17,928 British ancestry controls	13,367 European ancestry cases, 11,851 European ancestry controls, 3,436 cases, 2,435 controls	20p11.22	20	22057342	PAX1	LINC01432			ENSG00000234435			rs11087368-G	rs11087368	0	11087368	intron_variant	0	NR	1E-105	105.0		0.30838	[0.28-0.34] unit decrease	Affymetrix [27512692] (imputed)	N	androgenetic alopecia	http://purl.obolibrary.org/obo/MONDO_0005339	GCST005116	Genome-wide genotyping array
2018-01-12	29146897	Pirastu N	2017-11-17	Nat Commun	www.ncbi.nlm.nih.gov/pubmed/29146897	GWAS for male-pattern baldness identifies 71 susceptibility loci explaining 38% of the risk.	Male-pattern baldness	25,662 British ancestry cases, 17,928 British ancestry controls	13,367 European ancestry cases, 11,851 European ancestry controls, 3,436 cases, 2,435 controls	21q22.12	21	34835870	RUNX1	RUNX1			ENSG00000159216			rs68088846-G	rs68088846	0	68088846	intron_variant	0	NR	1E-18	18.0		0.151883	[0.12-0.19] unit increase	Affymetrix [27512692] (imputed)	N	androgenetic alopecia	http://purl.obolibrary.org/obo/MONDO_0005339	GCST005116	Genome-wide genotyping array
2018-01-12	29146897	Pirastu N	2017-11-17	Nat Commun	www.ncbi.nlm.nih.gov/pubmed/29146897	GWAS for male-pattern baldness identifies 71 susceptibility loci explaining 38% of the risk.	Male-pattern baldness	25,662 British ancestry cases, 17,928 British ancestry controls	13,367 European ancestry cases, 11,851 European ancestry controls, 3,436 cases, 2,435 controls	Xp22.31	X	8945785	FAM9B	LINC03114 - NOLC1P1	ENSG00000285896	ENSG00000225271		18632	34640	rs5934505-T	rs5934505	0	5934505	intergenic_variant	1	NR	4E-13	12.397940008672037		0.16296883	[0.12-0.21] unit increase	Affymetrix [27512692] (imputed)	N	androgenetic alopecia	http://purl.obolibrary.org/obo/MONDO_0005339	GCST005116	Genome-wide genotyping array
2018-01-12	29146897	Pirastu N	2017-11-17	Nat Commun	www.ncbi.nlm.nih.gov/pubmed/29146897	GWAS for male-pattern baldness identifies 71 susceptibility loci explaining 38% of the risk.	Male-pattern baldness	25,662 British ancestry cases, 17,928 British ancestry controls	13,367 European ancestry cases, 11,851 European ancestry controls, 3,436 cases, 2,435 controls	Xq12	X	68143959	AR	OPHN1			ENSG00000079482			rs7061504-A	rs7061504	0	7061504	intron_variant	0	NR	3E-35	34.52287874528034		0.40279487	[0.34-0.47] unit increase	Affymetrix [27512692] (imputed)	N	androgenetic alopecia	http://purl.obolibrary.org/obo/MONDO_0005339	GCST005116	Genome-wide genotyping array
2008-11-12	18849991	Richards JB	2008-10-12	Nat Genet	www.ncbi.nlm.nih.gov/pubmed/18849991	Male-pattern baldness susceptibility locus at 20p11.	Male-pattern baldness	578 European ancestry cases, 547 European ancestry controls	1,351 European ancestry cases, 2,485 European ancestry controls	Xq12	X	67291142	AR	RNU6-394P - AR	ENSG00000222667	ENSG00000169083		614778	252211	rs6625163-A	rs6625163	0	6625163	intergenic_variant	1	NR	5E-11	10.301029995663981		3.3	[2.31-4.71]	Affymetrix [370102]	N	androgenetic alopecia	http://purl.obolibrary.org/obo/MONDO_0005339	GCST000250	Genome-wide genotyping array
2008-11-12	18849991	Richards JB	2008-10-12	Nat Genet	www.ncbi.nlm.nih.gov/pubmed/18849991	Male-pattern baldness susceptibility locus at 20p11.	Male-pattern baldness	578 European ancestry cases, 547 European ancestry controls	1,351 European ancestry cases, 2,485 European ancestry controls	20p11.22	20	22069865	PAX1	LINC01432			ENSG00000234435			rs1160312-A	rs1160312	0	1160312	intron_variant	0	0.43	1E-14	14.0	(males)	1.6	[1.42-1.80]	Affymetrix [370102]	N	androgenetic alopecia	http://purl.obolibrary.org/obo/MONDO_0005339	GCST000250	Genome-wide genotyping array
2023-03-21	35754308	Kim IY	2022-06-26	J Cosmet Dermatol	www.ncbi.nlm.nih.gov/pubmed/35754308	The first broad replication study of SNPs and a pilot genome-wide association study for androgenetic alopecia in Asian populations.	Androgenetic alopecia	275 East Asian ancestry cases, 146 East Asian ancestry controls	NA	4q35.1	4	183785037		TRAPPC11 - STOX2	ENSG00000168538	ENSG00000173320		71443	12655	rs62342218-A	rs62342218	0	62342218	intergenic_variant	1	0.155	1E-6	6.0		0.337	[0.22-0.52]	Affymetrix [4984245] (imputed)	N	androgenetic alopecia	http://purl.obolibrary.org/obo/MONDO_0005339	GCST90257014	Genome-wide genotyping array
2023-03-21	35754308	Kim IY	2022-06-26	J Cosmet Dermatol	www.ncbi.nlm.nih.gov/pubmed/35754308	The first broad replication study of SNPs and a pilot genome-wide association study for androgenetic alopecia in Asian populations.	Androgenetic alopecia	275 East Asian ancestry cases, 146 East Asian ancestry controls	NA	5p15.33	5	3303364		LINC01377 - LINC01019	ENSG00000249808	ENSG00000248118		121875	53900	rs11743223-C	rs11743223	0	11743223	intergenic_variant	1	0.394	2E-6	5.698970004336019		0.439	[0.31-0.61]	Affymetrix [4984245] (imputed)	N	androgenetic alopecia	http://purl.obolibrary.org/obo/MONDO_0005339	GCST90257014	Genome-wide genotyping array
2023-03-21	35754308	Kim IY	2022-06-26	J Cosmet Dermatol	www.ncbi.nlm.nih.gov/pubmed/35754308	The first broad replication study of SNPs and a pilot genome-wide association study for androgenetic alopecia in Asian populations.	Androgenetic alopecia	275 East Asian ancestry cases, 146 East Asian ancestry controls	NA	7q31.31	7	120149473		RNU1-29P - KCND2	ENSG00000271739	ENSG00000184408		143372	123702	rs10255927-T	rs10255927	0	10255927	intron_variant	1	0.137	5E-6	5.301029995663981		0.344	[0.22-0.54]	Affymetrix [4984245] (imputed)	N	androgenetic alopecia	http://purl.obolibrary.org/obo/MONDO_0005339	GCST90257014	Genome-wide genotyping array
2023-03-21	35754308	Kim IY	2022-06-26	J Cosmet Dermatol	www.ncbi.nlm.nih.gov/pubmed/35754308	The first broad replication study of SNPs and a pilot genome-wide association study for androgenetic alopecia in Asian populations.	Androgenetic alopecia	275 East Asian ancestry cases, 146 East Asian ancestry controls	NA	9q21.2	9	78241539		CEP78			ENSG00000148019			rs17787727-G	rs17787727	0	17787727	intron_variant	0	0.266	6E-6	5.221848749616356		0.457	[0.33-0.64]	Affymetrix [4984245] (imputed)	N	androgenetic alopecia	http://purl.obolibrary.org/obo/MONDO_0005339	GCST90257014	Genome-wide genotyping array
2023-03-21	35754308	Kim IY	2022-06-26	J Cosmet Dermatol	www.ncbi.nlm.nih.gov/pubmed/35754308	The first broad replication study of SNPs and a pilot genome-wide association study for androgenetic alopecia in Asian populations.	Androgenetic alopecia	275 East Asian ancestry cases, 146 East Asian ancestry controls	NA	9q21.33	9	84356331		SLC28A3 - NTRK2	ENSG00000197506	ENSG00000148053		15573	312044	rs4877854-T	rs4877854	0	4877854	intron_variant	1	0.178	6E-6	5.221848749616356		0.399	[0.27-0.59]	Affymetrix [4984245] (imputed)	N	androgenetic alopecia	http://purl.obolibrary.org/obo/MONDO_0005339	GCST90257014	Genome-wide genotyping array
2023-03-21	35754308	Kim IY	2022-06-26	J Cosmet Dermatol	www.ncbi.nlm.nih.gov/pubmed/35754308	The first broad replication study of SNPs and a pilot genome-wide association study for androgenetic alopecia in Asian populations.	Androgenetic alopecia	275 East Asian ancestry cases, 146 East Asian ancestry controls	NA	10p11.21	10	36614888		NAMPTP1 - Y_RNA	ENSG00000229644	ENSG00000200544		90654	11127	rs11010734-C	rs11010734	0	11010734	intergenic_variant	1	0.168	5E-6	5.301029995663981		3.008	[1.87-4.83]	Affymetrix [4984245] (imputed)	N	androgenetic alopecia	http://purl.obolibrary.org/obo/MONDO_0005339	GCST90257014	Genome-wide genotyping array
2023-03-21	35754308	Kim IY	2022-06-26	J Cosmet Dermatol	www.ncbi.nlm.nih.gov/pubmed/35754308	The first broad replication study of SNPs and a pilot genome-wide association study for androgenetic alopecia in Asian populations.	Androgenetic alopecia	275 East Asian ancestry cases, 146 East Asian ancestry controls	NA	10q23.31	10	89671541		PANK1-AS1 - KIF20B	ENSG00000232936	ENSG00000138182		19397	30042	rs2420640-T	rs2420640	0	2420640	intron_variant	1	0.381	9E-6	5.045757490560675		2.226	[1.57-3.17]	Affymetrix [4984245] (imputed)	N	androgenetic alopecia	http://purl.obolibrary.org/obo/MONDO_0005339	GCST90257014	Genome-wide genotyping array
2023-03-21	35754308	Kim IY	2022-06-26	J Cosmet Dermatol	www.ncbi.nlm.nih.gov/pubmed/35754308	The first broad replication study of SNPs and a pilot genome-wide association study for androgenetic alopecia in Asian populations.	Androgenetic alopecia	275 East Asian ancestry cases, 146 East Asian ancestry controls	NA	11q21	11	93911559		VSTM5 - HPRT1P3	ENSG00000214376	ENSG00000256752		60939	87084	rs75800147-A	rs75800147	0	75800147	intergenic_variant	1	0.067	3E-6	5.522878745280337		0.24	[0.13-0.44]	Affymetrix [4984245] (imputed)	N	androgenetic alopecia	http://purl.obolibrary.org/obo/MONDO_0005339	GCST90257014	Genome-wide genotyping array
2023-03-21	35754308	Kim IY	2022-06-26	J Cosmet Dermatol	www.ncbi.nlm.nih.gov/pubmed/35754308	The first broad replication study of SNPs and a pilot genome-wide association study for androgenetic alopecia in Asian populations.	Androgenetic alopecia	275 East Asian ancestry cases, 146 East Asian ancestry controls	NA	11q25	11	133123840		OPCML			ENSG00000183715			rs525545-A	rs525545	0	525545	intron_variant	0	0.059	3E-7	6.522878745280337		0.151	[0.07-0.31]	Affymetrix [4984245] (imputed)	N	androgenetic alopecia	http://purl.obolibrary.org/obo/MONDO_0005339	GCST90257014	Genome-wide genotyping array
2023-03-21	35754308	Kim IY	2022-06-26	J Cosmet Dermatol	www.ncbi.nlm.nih.gov/pubmed/35754308	The first broad replication study of SNPs and a pilot genome-wide association study for androgenetic alopecia in Asian populations.	Androgenetic alopecia	275 East Asian ancestry cases, 146 East Asian ancestry controls	NA	12p11.21	12	31007279		TSPAN11-AS1 - DDX11-AS1	ENSG00000290531	ENSG00000245614		1269	12155	rs11051202-G	rs11051202	0	11051202	intergenic_variant	1	0.165	1E-6	6.0		0.356	[0.23-0.54]	Affymetrix [4984245] (imputed)	N	androgenetic alopecia	http://purl.obolibrary.org/obo/MONDO_0005339	GCST90257014	Genome-wide genotyping array
2023-03-21	35754308	Kim IY	2022-06-26	J Cosmet Dermatol	www.ncbi.nlm.nih.gov/pubmed/35754308	The first broad replication study of SNPs and a pilot genome-wide association study for androgenetic alopecia in Asian populations.	Androgenetic alopecia	275 East Asian ancestry cases, 146 East Asian ancestry controls	NA	18p11.21	18	11287639		PIEZO2 - LINC01928	ENSG00000154864	ENSG00000267425		138070	166839	rs7233262-C	rs7233262	0	7233262	intergenic_variant	1	0.253	7E-6	5.154901959985743		0.453	[0.32-0.64]	Affymetrix [4984245] (imputed)	N	androgenetic alopecia	http://purl.obolibrary.org/obo/MONDO_0005339	GCST90257014	Genome-wide genotyping array
2023-03-21	35754308	Kim IY	2022-06-26	J Cosmet Dermatol	www.ncbi.nlm.nih.gov/pubmed/35754308	The first broad replication study of SNPs and a pilot genome-wide association study for androgenetic alopecia in Asian populations.	Androgenetic alopecia	275 East Asian ancestry cases, 146 East Asian ancestry controls	NA	1p21.1	1	104859894		THAP3P1 - CDK4P1	ENSG00000293061	ENSG00000225036		633216	574100	rs80008664-A	rs80008664	0	80008664	intergenic_variant	1	0.076	2E-7	6.698970004336019		0.202	[0.11-0.37]	Affymetrix [4984245] (imputed)	N	androgenetic alopecia	http://purl.obolibrary.org/obo/MONDO_0005339	GCST90257014	Genome-wide genotyping array
2023-03-21	35754308	Kim IY	2022-06-26	J Cosmet Dermatol	www.ncbi.nlm.nih.gov/pubmed/35754308	The first broad replication study of SNPs and a pilot genome-wide association study for androgenetic alopecia in Asian populations.	Androgenetic alopecia	275 East Asian ancestry cases, 146 East Asian ancestry controls	NA	4q22.3	4	94232198		SMARCAD1			ENSG00000163104			rs3106136-T	rs3106136	0	3106136	intron_variant	0	0.233	8E-6	5.096910013008056		0.452	[0.32-0.64]	Affymetrix [4984245] (imputed)	N	androgenetic alopecia	http://purl.obolibrary.org/obo/MONDO_0005339	GCST90257014	Genome-wide genotyping array
2011-12-13	22032556	Brockschmidt FF	2011-10-27	Br J Dermatol	www.ncbi.nlm.nih.gov/pubmed/22032556	Susceptibility variants on chromosome 7p21.1 suggest HDAC9 as a new candidate gene for male-pattern baldness.	Male-pattern baldness	581 European ancestry male cases, 617 European ancestry male controls	461 European ancestry male cases, 151 European ancestry male controls	Xq12	X	67343176	AR, EDA2R	RNU6-394P - AR	ENSG00000222667	ENSG00000169083		666812	200177	rs2497938-?	rs2497938	0	2497938	intergenic_variant	1	NR	3E-22	21.522878745280337		6.5	[4.30-9.82]	Illumina [560387]	N	androgenetic alopecia	http://purl.obolibrary.org/obo/MONDO_0005339	GCST001297	Genome-wide genotyping array
2011-12-13	22032556	Brockschmidt FF	2011-10-27	Br J Dermatol	www.ncbi.nlm.nih.gov/pubmed/22032556	Susceptibility variants on chromosome 7p21.1 suggest HDAC9 as a new candidate gene for male-pattern baldness.	Male-pattern baldness	581 European ancestry male cases, 617 European ancestry male controls	461 European ancestry male cases, 151 European ancestry male controls	20p11.22	20	21872462	intergenic	RPL41P1 - LINC01432	ENSG00000227063	ENSG00000234435		117112	181599	rs2180439-?	rs2180439	0	2180439	intergenic_variant	1	NR	4E-17	16.397940008672037		2.08	[1.76-2.47]	Illumina [560387]	N	androgenetic alopecia	http://purl.obolibrary.org/obo/MONDO_0005339	GCST001297	Genome-wide genotyping array
2008-11-12	18849994	Hillmer AM	2008-10-12	Nat Genet	www.ncbi.nlm.nih.gov/pubmed/18849994	Susceptibility variants for male-pattern baldness on chromosome 20p11.	Male-pattern baldness	296 European ancestry cases, 347 European ancestry controls	319 European ancestry cases, 234 European ancestry controls	20p11.22	20	21872462	BQ013595, PAX1, BE789145	RPL41P1 - LINC01432	ENSG00000227063	ENSG00000234435		117112	181599	rs2180439-C	rs2180439	0	2180439	intergenic_variant	1	0.43	3E-15	14.522878745280337		1.82	[1.45-2.30]	Illumina [531695]	N	androgenetic alopecia	http://purl.obolibrary.org/obo/MONDO_0005339	GCST000251	Genome-wide genotyping array
2012-08-15	22693459	Li R	2012-05-31	PLoS Genet	www.ncbi.nlm.nih.gov/pubmed/22693459	Six novel susceptibility Loci for early-onset androgenetic alopecia and their unexpected association with common diseases.	Male-pattern baldness	3,891 European ancestry cases, 8,915 European ancestry controls	NA	2q37.3	2	238785990	HDAC4	LINC01937 - TWIST2	ENSG00000234279	ENSG00000233608		44228	62042	rs9287638-A	rs9287638	0	9287638	intergenic_variant	1	0.562	1E-12	12.0		1.31	[1.21-1.41]	Affymetrix, Illumina [2391230] (imputed)	N	androgenetic alopecia	http://purl.obolibrary.org/obo/MONDO_0005339	GCST001548	Genome-wide genotyping array
2012-08-15	22693459	Li R	2012-05-31	PLoS Genet	www.ncbi.nlm.nih.gov/pubmed/22693459	Six novel susceptibility Loci for early-onset androgenetic alopecia and their unexpected association with common diseases.	Male-pattern baldness	3,891 European ancestry cases, 8,915 European ancestry controls	NA	7p21.1	7	18838251	HDAC9	HDAC9			ENSG00000048052			rs2073963-G	rs2073963	0	2073963	intron_variant	0	0.530	1E-12	12.0		1.29	[1.20-1.38]	Affymetrix, Illumina [2391230] (imputed)	N	androgenetic alopecia	http://purl.obolibrary.org/obo/MONDO_0005339	GCST001548	Genome-wide genotyping array
2012-08-15	22693459	Li R	2012-05-31	PLoS Genet	www.ncbi.nlm.nih.gov/pubmed/22693459	Six novel susceptibility Loci for early-onset androgenetic alopecia and their unexpected association with common diseases.	Male-pattern baldness	3,891 European ancestry cases, 8,915 European ancestry controls	NA	1p36.22	1	10973025	TARDBP	CIROZ			ENSG00000175262			rs12565727-A	rs12565727	0	12565727	intron_variant	0	0.789	9E-11	10.045757490560675		1.33	[1.22-1.45]	Affymetrix, Illumina [2391230] (imputed)	N	androgenetic alopecia	http://purl.obolibrary.org/obo/MONDO_0005339	GCST001548	Genome-wide genotyping array
2012-08-15	22693459	Li R	2012-05-31	PLoS Genet	www.ncbi.nlm.nih.gov/pubmed/22693459	Six novel susceptibility Loci for early-onset androgenetic alopecia and their unexpected association with common diseases.	Male-pattern baldness	3,891 European ancestry cases, 8,915 European ancestry controls	NA	7q11.22	7	69146973	AUTS2	RNU6-832P - MTCO2P25	ENSG00000200189	ENSG00000230654		21597	183725	rs6945541-C	rs6945541	0	6945541	intergenic_variant	1	0.539	2E-9	8.698970004336019		1.27	[1.18-1.38]	Affymetrix, Illumina [2391230] (imputed)	N	androgenetic alopecia	http://purl.obolibrary.org/obo/MONDO_0005339	GCST001548	Genome-wide genotyping array
2012-08-15	22693459	Li R	2012-05-31	PLoS Genet	www.ncbi.nlm.nih.gov/pubmed/22693459	Six novel susceptibility Loci for early-onset androgenetic alopecia and their unexpected association with common diseases.	Male-pattern baldness	3,891 European ancestry cases, 8,915 European ancestry controls	NA	17q21.31	17	45846853	intergenic	MAPT-AS1, SPPL2C			ENSG00000264589, ENSG00000185294			rs12373124-T	rs12373124	0	12373124	synonymous_variant	0	0.438	5E-10	9.301029995663981		1.33	[1.21-1.45]	Affymetrix, Illumina [2391230] (imputed)	N	androgenetic alopecia	http://purl.obolibrary.org/obo/MONDO_0005339	GCST001548	Genome-wide genotyping array
2012-08-15	22693459	Li R	2012-05-31	PLoS Genet	www.ncbi.nlm.nih.gov/pubmed/22693459	Six novel susceptibility Loci for early-onset androgenetic alopecia and their unexpected association with common diseases.	Male-pattern baldness	3,891 European ancestry cases, 8,915 European ancestry controls	NA	18q12.3	18	45220183	SETBP1	SLC14A2			ENSG00000132874			rs10502861-C	rs10502861	0	10502861	intron_variant	0	0.775	3E-9	8.522878745280337		1.28	[1.18-1.39]	Affymetrix, Illumina [2391230] (imputed)	N	androgenetic alopecia	http://purl.obolibrary.org/obo/MONDO_0005339	GCST001548	Genome-wide genotyping array
2012-08-15	22693459	Li R	2012-05-31	PLoS Genet	www.ncbi.nlm.nih.gov/pubmed/22693459	Six novel susceptibility Loci for early-onset androgenetic alopecia and their unexpected association with common diseases.	Male-pattern baldness	3,891 European ancestry cases, 8,915 European ancestry controls	NA	20p11.22	20	22056937	PAX1, FOXA2	LINC01432			ENSG00000234435			rs6047844-T	rs6047844	0	6047844	intron_variant	0	0.460	2E-39	38.69897000433602		1.6	[1.49-1.72]	Affymetrix, Illumina [2391230] (imputed)	N	androgenetic alopecia	http://purl.obolibrary.org/obo/MONDO_0005339	GCST001548	Genome-wide genotyping array
2012-08-15	22693459	Li R	2012-05-31	PLoS Genet	www.ncbi.nlm.nih.gov/pubmed/22693459	Six novel susceptibility Loci for early-onset androgenetic alopecia and their unexpected association with common diseases.	Male-pattern baldness	3,891 European ancestry cases, 8,915 European ancestry controls	NA	Xq12	X	67343176	AR	RNU6-394P - AR	ENSG00000222667	ENSG00000169083		666812	200177	rs2497938-T	rs2497938	0	2497938	intergenic_variant	1	0.850	2E-91	90.69897000433602		2.2	[2.04-2.37]	Affymetrix, Illumina [2391230] (imputed)	N	androgenetic alopecia	http://purl.obolibrary.org/obo/MONDO_0005339	GCST001548	Genome-wide genotyping array
